Recid;MStamp;MStation;IDArtikelHistoriek;IDDocument;IDRelatieTypeArt;IDRelatieTypeDoc
1000001;2007-01-09;1;1080800;1015340;1;1
1000010;2007-01-09;1;1081473;1014109;3;7
1000011;2007-01-10;1;1062134;1015215;1;1
1000012;2007-01-10;1;1062134;1015356;1;1
1000013;2007-01-11;1;1070192;1015357;1;1
1000014;2007-01-12;1;1063754;1015362;1;1
1000015;2007-01-12;1;1061950;1015363;1;1
1000016;2007-01-12;1;1061957;1015363;1;1
1000017;2007-01-12;1;1061964;1015363;1;1
1000018;2007-01-12;1;1063477;1015363;1;1
1000019;2007-01-12;1;1063484;1015363;1;1
1000020;2007-01-12;1;1061959;1015364;1;1
1000021;2007-01-12;1;1063491;1015363;1;1
1000022;2007-01-12;1;1063486;1015364;1;1
1000023;2007-01-18;1;1068593;1015374;1;1
1000024;2007-01-18;1;1082854;1013039;1;1
1000025;2007-01-18;1;1082854;1014524;0;666
1000026;2007-01-18;1;1082854;1014524;1;1
1000027;2007-01-25;1;1083462;1006539;1;1
1000028;2007-01-26;1;1061081;1015396;1;1
1000029;2007-01-26;1;1061081;1015395;1;1
1000030;2007-01-26;1;1061081;1015398;1;1
1000031;2007-01-26;1;1061081;1015397;1;1
1000032;2007-02-05;1;1080762;1015464;1;1
1000033;2007-02-06;1;1083775;1013334;666;0
1000035;2007-02-06;1;1057225;1015485;0;666
1000036;2007-02-06;1;1057225;1015485;1;1
1000038;2007-02-12;1;1083596;1015508;666;0
1000039;2007-02-12;1;1025537;1015281;3;7
1000040;2007-02-12;1;1084384;1015295;1;1
1000041;2007-02-20;1;1084508;1005098;1;1
1000042;2007-02-20;1;1023199;1007238;1;1
1000043;2007-03-02;1;1075614;1015594;1;1
1000046;2007-03-09;1;1022863;1015618;1;1
1000047;2007-03-09;1;1084552;1015618;1;1
1000048;2007-03-13;1;1000946;1015625;1;1
1000049;2007-03-26;1;1086435;1014500;1;1
1000050;2007-03-26;1;1000955;1015647;1;1
1000051;2007-03-26;1;1085076;1015647;1;1
1000052;2007-03-26;1;1059265;1015656;1;1
1000053;2007-03-26;1;1062937;1015656;1;1
1000054;2007-03-26;1;1076783;1015656;1;1
1000055;2007-03-26;1;1059265;1015657;1;1
1000056;2007-03-26;1;1062937;1015657;1;1
1000057;2007-03-26;1;1076783;1015657;1;1
1000058;2007-03-26;1;1059265;1015654;1;1
1000059;2007-03-26;1;1062937;1015654;1;1
1000060;2007-03-26;1;1076783;1015654;1;1
1000061;2007-03-26;1;1059265;1015655;1;1
1000062;2007-03-26;1;1062937;1015655;1;1
1000063;2007-03-26;1;1076783;1015655;1;1
1000064;2007-03-26;1;1059265;1015650;1;1
1000065;2007-03-26;1;1062937;1015650;1;1
1000066;2007-03-26;1;1076783;1015650;1;1
1000067;2007-03-26;1;1059265;1015651;1;1
1000068;2007-03-26;1;1062937;1015651;1;1
1000069;2007-03-26;1;1076783;1015651;1;1
1000070;2007-03-26;1;1059265;1015652;1;1
1000071;2007-03-26;1;1062937;1015652;1;1
1000072;2007-03-26;1;1076783;1015652;1;1
1000073;2007-03-26;1;1059265;1015653;1;1
1000074;2007-03-26;1;1062937;1015653;1;1
1000075;2007-03-26;1;1076783;1015653;1;1
1000076;2007-03-26;1;1059267;1015658;1;1
1000077;2007-04-03;1;1013197;1000950;1;1
1000078;2007-04-03;1;1013197;1002789;1;1
1000079;2007-04-03;1;1062690;1015681;1;1
1000080;2007-04-03;1;1046035;1015681;1;1
1000081;2007-04-03;1;1062690;1015682;1;1
1000082;2007-04-03;1;1046035;1015682;1;1
1000083;2007-04-03;1;1060254;1015677;1;1
1000084;2007-04-05;1;1051105;1015691;1;1
1000085;2007-04-05;1;1064005;1015689;1;1
1000086;2007-04-06;1;1081634;1015696;1;1
1000087;2007-04-06;1;1055182;1015699;1;1
1000088;2007-04-06;1;1065584;1015699;1;1
1000089;2007-04-13;1;1083162;1015710;1;1
1000090;2007-04-13;1;1083163;1015710;1;1
1000091;2007-04-16;1;1035507;1015712;1;1
1000093;2007-04-20;1;1066157;1015718;1;1
1000094;2007-04-20;1;1066172;1015718;1;1
1000095;2007-04-20;1;1066173;1015718;1;1
1000096;2007-04-20;1;1069818;1015716;1;1
1000097;2007-04-20;1;1069832;1015716;1;1
1000098;2007-04-20;1;1054086;1015716;1;1
1000099;2007-04-23;1;1048756;1015720;1;1
1000100;2007-04-23;1;1048776;1015720;1;1
1000101;2007-04-24;1;1048784;1015724;1;1
1000102;2007-04-24;1;1021969;1015728;1;1
1000104;2007-04-24;1;1087308;1005098;1;1
1000105;2007-04-24;1;1087308;1001597;1;1
1000106;2007-04-25;1;1006826;1015731;1;1
1000107;2007-04-25;1;1020053;1015731;1;1
1000108;2007-04-26;1;1000974;1015735;1;1
1000109;2007-04-26;1;1077836;1015735;1;1
1000110;2007-04-26;1;1000974;1015734;1;1
1000111;2007-04-26;1;1029857;1015734;1;1
1000112;2007-04-26;1;1077870;1015734;1;1
1000113;2007-04-26;1;1084934;1015736;1;1
1000114;2007-04-30;1;1063802;1015741;1;1
1000115;2007-04-30;1;1081574;1015741;1;1
1000116;2007-04-30;1;1021969;1015744;1;1
1000117;2007-04-30;1;1054087;1015742;1;1
1000118;2007-05-10;1;1087169;1015758;1;1
1000119;2007-05-10;1;1069818;1015758;1;1
1000120;2007-05-10;1;1069832;1015758;1;1
1000121;2007-05-21;1;1082155;1015778;1;1
1000122;2007-05-21;1;1087374;1015778;1;1
1000123;2007-05-23;1;1062021;1015793;1;1
1000124;2007-05-23;1;1063545;1015793;1;1
1000125;2007-05-25;1;1086599;1015794;1;1
1000126;2007-05-31;1;1020053;1015800;1;1
1000127;2007-05-31;1;1030413;1015802;1;1
1000129;2007-06-07;1;1028997;1015813;1;1
1000130;2007-06-07;1;1034131;1015813;1;1
1000131;2007-06-07;1;1068574;1015770;1;1
1000132;2007-06-08;1;1082137;1015824;1;1
1000133;2007-06-13;1;1031361;1015230;0;666
1000134;2007-06-13;1;1031361;1015230;1;1
1000135;2007-06-14;1;1004574;1000518;1;1
1000136;2007-06-14;1;1004574;1000519;1;1
1000137;2007-06-14;1;1004574;1000520;0;666
1000138;2007-06-14;1;1004574;1000520;1;1
1000139;2007-06-14;1;1004574;1000521;1;1
1000140;2007-06-14;1;1004574;1000522;1;1
1000141;2012-07-24;1;1004574;1000523;666;4
1000142;2007-06-14;1;1004574;1000524;1;1
1000143;2007-06-14;1;1004574;1000525;1;1
1000144;2007-06-14;1;1004574;1000526;1;1
1000145;2007-06-14;1;1004574;1000527;1;1
1000146;2007-06-14;1;1004574;1000528;1;1
1000147;2007-06-14;1;1004574;1000529;1;1
1000148;2007-06-14;1;1004574;1000530;1;1
1000149;2007-06-14;1;1004574;1000531;1;1
1000150;2007-06-14;1;1004574;1000532;1;1
1000151;2007-06-14;1;1004574;1000533;1;1
1000152;2007-06-14;1;1004574;1000534;1;1
1000153;2007-06-14;1;1004574;1000535;1;1
1000154;2007-06-14;1;1004574;1000536;1;1
1000155;2007-06-14;1;1004574;1000537;1;1
1000157;2007-06-14;1;1004574;1000539;1;1
1000158;2007-06-14;1;1004574;1000540;1;1
1000160;2007-06-14;1;1004574;1000542;1;1
1000161;2007-06-14;1;1004574;1000543;1;1
1000162;2007-06-14;1;1004574;1000544;1;1
1000163;2007-06-14;1;1004574;1000545;1;1
1000164;2007-06-14;1;1004574;1000546;1;1
1000166;2007-06-14;1;1004574;1000548;1;1
1000167;2007-06-14;1;1004574;1000549;1;1
1000168;2007-06-14;1;1004574;1000550;1;1
1000169;2007-06-14;1;1004574;1000551;1;1
1000170;2007-06-14;1;1004574;1000552;1;1
1000171;2007-06-14;1;1004574;1000553;1;1
1000172;2007-06-14;1;1004574;1000554;1;1
1000173;2007-06-14;1;1004574;1000385;1;1
1000175;2007-06-14;1;1004574;1004014;1;1
1000176;2007-06-14;1;1004574;1004709;0;666
1000177;2007-06-14;1;1004574;1000555;1;1
1000178;2007-06-14;1;1004574;1004709;1;1
1000179;2007-06-14;1;1004574;1004710;1;1
1000180;2007-06-14;1;1004574;1000953;1;1
1000181;2007-06-14;1;1004574;1004711;1;1
1000182;2007-06-14;1;1004574;1004700;1;1
1000183;2007-06-14;1;1004574;1004712;1;1
1000184;2007-06-14;1;1004574;1004701;1;1
1000185;2007-06-14;1;1004574;1004702;1;1
1000186;2007-06-14;1;1004574;1001308;1;1
1000187;2007-06-14;1;1004574;1002406;1;1
1000188;2007-06-15;1;1089186;1015819;1;1
1000189;2007-06-15;1;1004574;1004703;0;666
1000190;2007-06-15;1;1004574;1004703;1;1
1000191;2007-06-15;1;1004574;1003133;1;1
1000192;2007-06-15;1;1004574;1004704;1;1
1000193;2007-06-15;1;1004574;1004705;1;1
1000194;2007-06-15;1;1004574;1002495;1;1
1000195;2007-06-15;1;1004574;1004706;1;1
1000196;2007-06-15;1;1004574;1004707;1;1
1000197;2007-06-15;1;1004574;1004708;1;1
1000198;2007-06-15;1;1004574;1003259;1;1
1000199;2007-06-15;1;1004574;1003011;1;1
1000200;2007-06-15;1;1004574;1003294;1;1
1000201;2007-06-15;1;1004574;1003224;1;1
1000202;2007-06-15;1;1004574;1003162;1;1
1000203;2007-06-15;1;1004574;1000658;1;1
1000204;2007-06-15;1;1004574;1001072;1;1
1000205;2007-06-15;1;1004574;1002496;1;1
1000206;2007-06-15;1;1004574;1001311;1;1
1000207;2007-06-15;1;1004574;1001899;1;1
1000208;2007-06-15;1;1004574;1001761;1;1
1000209;2007-06-15;1;1004574;1001129;1;1
1000210;2007-06-18;1;1033403;1015851;1;1
1000211;2007-06-18;1;1038735;1015850;1;1
1000212;2007-06-18;1;1047579;1015850;1;1
1000213;2007-06-18;1;1082958;1015846;1;1
1000214;2007-06-19;1;1079252;1015863;1;1
1000215;2007-06-19;1;1053727;1015865;1;1
1000216;2007-06-20;1;1068321;1015871;1;1
1000217;2007-06-20;1;1073881;1015867;1;1
1000218;2007-06-20;1;1061892;1015867;1;1
1000219;2007-06-20;1;1070024;1015867;1;1
1000220;2007-06-20;1;1063421;1015867;1;1
1000221;2007-06-20;1;1054143;1015869;1;1
1000222;2007-06-20;1;1013390;1015860;1;1
1000223;2007-06-20;1;1089543;1002838;1;1
1000224;2007-06-20;1;1036162;1015860;1;1
1000225;2007-06-20;1;1045418;1015860;1;1
1000227;2007-06-20;1;1089726;1008346;1;1
1000228;2007-06-21;1;1089519;1002838;1;1
1000229;2007-06-21;1;1069818;1015876;1;1
1000230;2007-06-21;1;1069832;1015876;1;1
1000231;2007-06-21;1;1087183;1015876;1;1
1000232;2007-06-21;1;1086599;1015878;1;1
1000233;2007-06-21;1;1088866;1015878;666;0
1000234;2007-06-21;1;1088866;1015878;1;1
1000235;2007-06-26;1;1063754;1015890;1;1
1000236;2007-06-28;1;1074599;1015897;1;1
1000237;2007-06-28;1;1048651;1015900;1;1
1000238;2007-06-28;1;1081654;1015902;1;1
1000239;2007-06-28;1;1059265;1015903;1;1
1000240;2007-06-28;1;1062937;1015903;1;1
1000241;2007-06-28;1;1076783;1015903;1;1
1000242;2007-07-02;1;1059265;1015912;1;1
1000243;2007-07-02;1;1062937;1015912;1;1
1000244;2007-07-02;1;1076783;1015912;1;1
1000245;2007-07-02;1;1059265;1015911;1;1
1000246;2007-07-02;1;1062937;1015911;1;1
1000247;2007-07-02;1;1076783;1015911;1;1
1000249;2007-07-02;1;1060165;1015923;1;1
1000250;2007-07-02;1;1060163;1015924;1;1
1000251;2007-07-02;1;1081614;1015926;1;1
1000252;2007-07-02;1;1059265;1015930;1;1
1000253;2007-07-02;1;1062937;1015930;1;1
1000254;2007-07-02;1;1076783;1015930;1;1
1000255;2007-07-03;1;1051105;1015935;1;1
1000256;2007-07-03;1;1046042;1015935;1;1
1000257;2007-07-12;1;1035035;1015957;1;1
1000258;2007-07-16;1;1003305;1015965;1;1
1000259;2007-07-24;1;1059267;1015985;1;1
1000260;2007-07-24;1;1020473;1015983;1;1
1000262;2007-07-31;1;1059265;1016011;1;1
1000263;2007-07-31;1;1062937;1016011;1;1
1000264;2007-07-31;1;1076783;1016011;1;1
1000265;2007-07-31;1;1048764;1015998;1;1
1000266;2007-07-31;1;1093078;1014325;1;1
1000267;2007-08-01;1;1054436;1006597;1;1
1000268;2007-08-03;1;1074282;1016033;1;1
1000269;2007-08-03;1;1057123;1016033;1;1
1000270;2007-08-03;1;1093496;1016038;1;1
1000271;2007-08-03;1;1076604;1016032;1;1
1000272;2007-08-09;1;1089928;1016059;1;1
1000273;2007-08-09;1;1054143;1016060;1;1
1000274;2007-08-09;1;1087534;1016062;1;1
1000275;2007-08-10;1;1048801;1016066;1;1
1000276;2007-08-27;1;1043113;1016110;1;1
1000277;2007-08-27;1;1048573;1016107;1;1
1000278;2007-08-27;1;1048578;1016105;1;1
1000279;2007-08-30;1;1067323;1016114;1;1
1000280;2007-08-30;1;1021850;1016114;1;1
1000281;2007-08-30;1;1076363;1016114;1;1
1000282;2007-09-04;1;1081798;1016123;1;1
1000283;2007-09-04;1;1055157;1016122;1;1
1000284;2007-09-04;1;1095086;1000722;1;1
1000285;2007-09-04;1;1095087;1000393;1;1
1000286;2007-09-04;1;1094886;1016120;1;1
1000287;2007-09-06;1;1095906;1006166;1;1
1000288;2007-09-06;1;1095918;1006573;1;1
1000289;2007-09-11;1;1081798;1016146;1;1
1000290;2007-09-11;1;1081803;1016146;1;1
1000291;2007-09-12;1;1089420;1016149;1;1
1000292;2007-09-14;1;1079252;1016153;1;1
1000293;2007-09-14;1;1096371;1015352;3;7
1000294;2007-09-14;1;1096371;1015268;3;7
1000295;2007-09-14;1;1096371;1015556;3;7
1000296;2007-09-14;1;1020473;1016155;1;1
1000297;2007-09-14;1;1000402;1016156;1;1
1000298;2007-09-14;1;1010068;1016157;1;1
1000299;2007-09-14;1;1008021;1016157;1;1
1000300;2007-09-25;1;1059265;1016169;1;1
1000301;2007-09-25;1;1062937;1016169;1;1
1000302;2007-09-25;1;1063624;1016169;1;1
1000303;2007-10-01;1;1078050;1016180;1;1
1000304;2007-10-01;1;1078107;1016180;1;1
1000305;2007-10-04;1;1080746;1016201;1;1
1000306;2007-10-05;1;1080746;1016202;1;1
1000307;2007-10-09;1;1008963;1016220;1;1
1000308;2007-10-12;1;1095488;1016242;1;1
1000309;2007-10-15;1;1061081;1016244;1;1
1000310;2007-10-15;1;1061081;1016237;1;1
1000311;2007-10-15;1;1081903;1016239;1;1
1000312;2007-10-15;1;1087489;1016239;1;1
1000313;2007-10-15;1;1087513;1016240;1;1
1000314;2007-10-17;1;1097816;1016256;1;1
1000315;2007-10-18;1;1017334;1016258;1;1
1000316;2007-10-19;1;1096463;1016261;1;1
1000317;2007-10-23;1;1049127;1016275;1;1
1000318;2007-10-24;1;1097718;1016279;1;1
1000319;2007-10-26;1;1093838;1016284;1;1
1000320;2007-10-29;1;1054423;1016292;1;1
1000321;2007-10-29;1;1080262;1016292;1;1
1000322;2007-11-05;1;1098421;1016300;1;1
1000323;2007-11-05;1;1098426;1016300;1;1
1000324;2007-11-05;1;1055577;1016301;1;1
1000325;2007-11-05;1;1098433;1016301;1;1
1000326;2007-11-06;1;1050366;1016304;1;1
1000327;2007-11-06;1;1066212;1016304;1;1
1000328;2007-11-07;1;1097714;1016314;1;1
1000329;2007-11-07;1;1063746;1016312;1;1
1000330;2007-11-09;1;1089528;1016324;1;1
1000331;2007-11-09;1;1089535;1016324;1;1
1000332;2007-11-12;1;1096454;1016328;1;1
1000333;2007-11-12;1;1074860;1016328;1;1
1000334;2007-11-14;1;1045525;1016334;1;1
1000335;2007-11-14;1;1094519;1016337;1;1
1000336;2007-11-14;1;1094520;1016337;1;1
1000338;2007-11-14;1;1064074;1016340;1;1
1000339;2007-11-14;1;1064074;1016341;1;1
1000340;2007-11-14;1;1064074;1016342;1;1
1000341;2007-11-14;1;1064074;1016343;1;1
1000342;2007-11-19;1;1067405;1016345;1;1
1000343;2007-11-19;1;1049126;1016346;1;1
1000345;2007-11-23;1;1085057;1016361;1;1
1000346;2007-11-23;1;1035090;1016363;1;1
1000347;2007-11-23;1;1098100;1016365;1;1
1000348;2007-11-23;1;1090240;1016366;1;1
1000349;2007-11-23;1;1060305;1016366;1;1
1000350;2007-11-23;1;1097754;1016367;1;1
1000351;2007-11-26;1;1035090;1016373;1;1
1000352;2007-11-27;1;1028794;1016375;1;1
1000353;2007-11-27;1;1066972;1016375;1;1
1000354;2007-11-27;1;1041194;1016376;1;1
1000355;2007-12-03;1;1097204;1016381;1;1
1000356;2007-12-03;1;1054420;1016384;1;1
1000357;2007-12-03;1;1054426;1016384;1;1
1000358;2007-12-03;1;1028690;1016387;1;1
1000359;2007-12-03;1;1061081;1016385;1;1
1000360;2007-12-03;1;1063633;1016386;1;1
1000361;2007-12-03;1;1085391;1016388;1;1
1000362;2007-12-05;1;1041448;1016397;1;1
1000363;2007-12-05;1;1041448;1016398;1;1
1000364;2007-12-06;1;1097190;1016400;1;1
1000365;2007-12-11;1;1100037;1013534;1;1
1000366;2007-12-11;1;1090928;1016407;1;1
1000367;2007-12-17;1;1083815;1016413;1;1
1000368;2007-12-17;1;1083816;1016413;1;1
1000369;2007-12-18;1;1005681;1016418;1;1
1000371;2007-12-21;1;1100407;1014740;1;1
1000372;2007-12-21;1;1100407;1015242;1;1
1000373;2008-01-04;1;1013171;1016446;1;1
1000374;2008-01-04;1;1063688;1016446;1;1
1000375;2008-01-04;1;1094617;1016454;1;1
1000376;2008-01-04;1;1086399;1016455;1;1
1000377;2008-01-04;1;1099662;1016456;1;1
1000378;2008-01-07;1;1094459;1016473;666;0
1000379;2008-01-07;1;1094459;1016473;1;1
1000381;2008-01-11;1;1079252;1016483;1;1
1000382;2008-01-14;1;1098511;1016497;1;1
1000383;2008-01-15;1;1082651;1016498;1;1
1000385;2008-01-15;1;1101560;1009799;1;1
1000386;2008-01-16;1;1011715;1016500;1;1
1000387;2008-01-17;1;1083841;1016506;1;1
1000388;2008-01-17;1;1094880;1016506;1;1
1000389;2008-01-18;1;1097816;1016512;1;1
1000390;2008-01-21;1;1014213;1016516;1;1
1000391;2008-01-21;1;1077836;1016519;1;1
1000392;2008-01-24;1;1095308;1016533;1;1
1000393;2008-01-24;1;1095515;1016533;1;1
1000394;2008-01-28;1;1061081;1016541;1;1
1000395;2008-01-28;1;1061081;1016542;1;1
1000396;2008-01-28;1;1061081;1016543;1;1
1000397;2008-01-29;1;1062007;1016544;1;1
1000398;2008-02-01;1;1054047;1016558;1;1
1000399;2008-02-07;1;1059265;1016581;1;1
1000400;2008-02-07;1;1062937;1016581;1;1
1000401;2008-02-07;1;1076783;1016581;1;1
1000402;2008-02-07;1;1059265;1016582;1;1
1000403;2008-02-07;1;1062937;1016582;1;1
1000404;2008-02-07;1;1076783;1016582;1;1
1000405;2008-02-22;1;1090759;1016607;1;1
1000406;2008-02-25;1;1103363;1014325;1;1
1000407;2008-02-25;1;1103364;1005622;1;1
1000408;2008-02-25;1;1081582;1016609;1;1
1000409;2008-02-25;1;1099017;1016612;1;1
1000410;2008-03-03;1;1069920;1016624;1;1
1000411;2008-03-03;1;1053439;1016624;1;1
1000412;2008-03-03;1;1103674;1002838;1;1
1000413;2008-03-03;1;1103683;1002838;1;1
1000414;2008-03-03;1;1103687;1002838;1;1
1000415;2008-03-03;1;1034499;1016627;1;1
1000416;2008-03-03;1;1059265;1016628;1;1
1000417;2008-03-03;1;1062937;1016628;1;1
1000418;2008-03-03;1;1059265;1016629;1;1
1000419;2008-03-03;1;1062937;1016629;1;1
1000420;2008-03-03;1;1059265;1016630;1;1
1000421;2008-03-03;1;1062937;1016630;1;1
1000422;2008-03-03;1;1059265;1016631;1;1
1000423;2008-03-03;1;1062937;1016631;1;1
1000424;2008-03-04;1;1103773;1012775;1;1
1000425;2008-03-04;1;1103776;1005904;1;1
1000426;2008-03-04;1;1087489;1016636;1;1
1000427;2008-03-05;1;1059265;1016640;1;1
1000428;2008-03-05;1;1062937;1016640;1;1
1000429;2008-03-06;1;1059265;1016642;1;1
1000430;2008-03-06;1;1062937;1016642;1;1
1000431;2008-03-06;1;1098566;1016643;1;1
1000432;2008-03-17;1;1059265;1016655;1;1
1000433;2008-03-17;1;1062937;1016655;1;1
1000434;2008-03-17;1;1059265;1016657;1;1
1000435;2008-03-17;1;1062936;1016657;1;1
1000436;2008-03-17;1;1104242;1016628;1;1
1000437;2008-03-17;1;1104242;1016629;1;1
1000438;2008-03-17;1;1104242;1016630;1;1
1000439;2008-03-17;1;1104242;1016631;1;1
1000440;2008-03-17;1;1104242;1016640;1;1
1000441;2008-03-17;1;1104242;1016642;1;1
1000442;2008-03-17;1;1104242;1016655;1;1
1000443;2008-03-17;1;1050395;1014562;1;1
1000444;2008-03-17;1;1061081;1016663;1;1
1000445;2008-03-17;1;1050395;1016664;1;1
1000446;2008-03-17;1;1072484;1016665;1;1
1000451;2008-03-19;1;1070060;1016669;1;1
1000452;2008-03-19;1;1087017;1016669;1;1
1000453;2008-03-20;1;1086599;1016672;1;1
1000454;2008-03-25;1;1011718;1016682;1;1
1000455;2008-03-26;1;1066975;1016681;1;1
1000457;2008-03-26;1;1074861;1016681;1;1
1000458;2008-03-28;1;1095038;1016694;1;1
1000459;2008-04-01;1;1101633;1016699;1;1
1000460;2008-04-01;1;1101633;1016700;1;1
1000461;2008-04-01;1;1104938;1006889;1;1
1000462;2008-04-01;1;1057426;1016702;1;1
1000463;2008-04-04;1;1105135;1016712;0;666
1000464;2008-04-04;1;1105135;1016712;1;1
1000465;2008-04-08;1;1089592;1016716;1;1
1000466;2008-04-09;1;1020473;1016720;1;1
1000467;2008-04-09;1;1051105;1016721;1;1
1000468;2008-04-11;1;1051105;1016727;1;1
1000469;2008-04-14;1;1094392;1016729;1;1
1000470;2008-04-14;1;1039660;1016729;1;1
1000472;2008-04-15;1;1035553;1016732;1;1
1000473;2008-04-17;1;1004376;1016736;1;1
1000474;2008-04-17;1;1004399;1016736;1;1
1000475;2008-04-17;1;1003324;1016739;1;1
1000476;2008-04-17;1;1003325;1016739;1;1
1000477;2008-04-17;1;1003342;1016739;1;1
1000478;2008-05-06;1;1081614;1016755;1;1
1000479;2008-05-06;1;1060254;1016758;1;1
1000480;2008-05-06;1;1090333;1016758;1;1
1000481;2008-05-14;1;1048771;1016762;1;1
1000482;2008-05-14;1;1090788;1016762;1;1
1000483;2008-05-14;1;1085057;1016764;1;1
1000484;2008-05-14;1;1037753;1016764;1;1
1000485;2008-05-14;1;1103395;1016764;1;1
1000486;2008-05-26;1;1026846;1016783;1;1
1000487;2008-05-26;1;1048758;1016783;1;1
1000488;2008-05-26;1;1090784;1016783;1;1
1000489;2008-05-26;1;1039037;1016785;1;1
1000490;2008-05-26;1;1046035;1016785;1;1
1000491;2008-05-27;1;1059052;1016790;1;1
1000492;2008-05-27;1;1059052;1016789;1;1
1000493;2008-05-27;1;1008658;1016791;1;1
1000494;2008-05-29;1;1083117;1016797;1;1
1000495;2008-05-29;1;1106228;1016797;1;1
1000496;2008-05-29;1;1048772;1016796;1;1
1000497;2008-05-30;1;1089751;1016800;1;1
1000498;2008-05-30;1;1028810;1016800;1;1
1000499;2008-06-03;1;1108382;1016803;1;1
1000500;2008-06-05;1;1098373;1016810;1;1
1000501;2008-06-11;1;1005344;1016819;1;1
1000502;2008-06-11;1;1005345;1016820;1;1
1000503;2008-06-11;1;1008861;1016821;1;1
1000504;2008-06-12;1;1055779;1016827;1;1
1000506;2008-06-12;1;1097816;1016828;1;1
1000507;2008-06-13;1;1012212;1016832;1;1
1000508;2008-06-18;1;1048805;1016844;1;1
1000509;2008-06-23;1;1064394;1016855;1;1
1000510;2008-06-25;1;1078871;1016861;1;1
1000511;2008-06-26;1;1014213;1016866;1;1
1000512;2008-06-26;1;1024912;1016866;1;1
1000513;2008-06-26;1;1035078;1016866;1;1
1000514;2008-06-26;1;1081879;1016866;1;1
1000515;2008-06-26;1;1087179;1016863;1;1
1000516;2008-06-27;1;1089928;1016870;1;1
1000517;2008-07-01;1;1104648;1016873;1;1
1000520;2008-07-04;1;1046042;1016880;1;1
1000521;2008-07-08;1;1061081;1016886;1;1
1000522;2008-07-08;1;1061081;1016887;1;1
1000523;2008-07-08;1;1061081;1016888;1;1
1000524;2008-07-15;1;1083726;1016900;1;1
1000525;2008-07-15;1;1025632;1016900;1;1
1000526;2008-07-15;1;1027577;1016900;1;1
1000527;2008-07-15;1;1037734;1016900;1;1
1000528;2008-07-18;1;1049898;1016906;1;1
1000529;2008-07-22;1;1062937;1016908;1;1
1000530;2008-07-22;1;1062937;1016909;1;1
1000531;2008-07-22;1;1062937;1016910;1;1
1000532;2008-07-22;1;1062937;1016911;1;1
1000533;2008-07-22;1;1062937;1016912;1;1
1000534;2008-07-22;1;1104344;1016912;1;1
1000536;2008-07-22;1;1104242;1016911;1;1
1000537;2008-07-22;1;1104242;1016910;1;1
1000538;2008-07-22;1;1104242;1016909;1;1
1000539;2008-07-22;1;1104344;1016908;1;1
1000540;2008-07-22;1;1062937;1016913;1;1
1000541;2008-07-22;1;1104344;1016913;1;1
1000542;2008-07-22;1;1062937;1016914;1;1
1000543;2008-07-22;1;1104344;1016914;1;1
1000544;2008-07-25;1;1110269;1016926;3;7
1000545;2008-07-25;1;1110272;1016926;3;7
1000546;2008-07-25;1;1032078;1016927;1;1
1000547;2008-07-25;1;1032114;1016927;1;1
1000548;2008-07-25;1;1036143;1016931;1;1
1000549;2008-08-11;1;1085872;1016949;1;1
1000550;2008-08-11;1;1108053;1016949;1;1
1000551;2008-08-13;1;1094886;1016961;1;1
1000552;2008-08-18;1;1094945;1016967;1;1
1000553;2008-08-18;1;1095029;1016967;1;1
1000554;2008-08-18;1;1110442;1016965;1;1
1000555;2008-08-21;1;1063800;1016972;1;1
1000556;2008-08-21;1;1048573;1016971;1;1
1000557;2008-08-22;1;1096201;1016984;1;1
1000558;2008-08-22;1;1110450;1016984;1;1
1000559;2008-08-28;1;1014213;1017002;1;1
1000561;2008-09-03;1;1113412;1016245;3;7
1000562;2008-09-05;1;1094939;1017036;1;1
1000563;2008-09-05;1;1083849;1017036;1;1
1000565;2008-09-19;1;1084897;1017077;1;1
1000566;2008-09-23;1;1035196;1017081;1;1
1000567;2008-09-25;1;1106189;1017085;1;1
1000568;2008-09-29;1;1048573;1017093;1;1
1000569;2008-09-29;1;1048573;1017094;1;1
1000570;2008-09-29;1;1048573;1017095;1;1
1000571;2008-09-30;1;1094886;1017106;1;1
1000572;2008-09-30;1;1094886;1017107;1;1
1000573;2008-09-30;1;1094886;1017108;1;1
1000574;2008-09-30;1;1094886;1017109;1;1
1000575;2008-09-30;1;1094886;1017110;1;1
1000576;2008-10-01;1;1094886;1017112;1;1
1000577;2008-10-03;1;1091643;1017121;1;1
1000578;2008-10-03;1;1054455;1017123;1;1
1000579;2008-10-03;1;1054967;1017123;1;1
1000580;2008-10-06;1;1050575;1017127;1;1
1000581;2008-10-06;1;1050575;1017128;1;1
1000582;2008-10-06;1;1050575;1017129;1;1
1000583;2008-10-06;1;1050575;1017130;1;1
1000584;2008-10-06;1;1102900;1017131;1;1
1000585;2008-10-06;1;1086546;1017131;1;1
1000586;2008-10-08;1;1026934;1017133;1;1
1000587;2008-10-08;1;1029189;1017133;1;1
1000588;2008-10-08;1;1048573;1017135;1;1
1000589;2008-10-09;1;1074978;1017138;1;1
1000590;2008-10-09;1;1078706;1017139;1;1
1000591;2008-10-14;1;1074300;1017150;1;1
1000592;2008-10-14;1;1085391;1017150;1;1
1000593;2008-10-15;1;1028690;1017156;1;1
1000594;2008-10-15;1;1040160;1017156;1;1
1000595;2008-10-16;1;1094674;1017159;1;1
1000596;2008-10-17;1;1083841;1017165;1;1
1000597;2008-10-17;1;1094879;1017165;1;1
1000598;2008-10-21;1;1054967;1017205;1;1
1000599;2008-10-21;1;1058404;1017205;1;1
1000600;2008-10-21;1;1067172;1017206;1;1
1000601;2008-10-21;1;1101624;1017207;1;1
1000602;2008-10-21;1;1101624;1017209;1;1
1000603;2008-10-21;1;1094567;1017208;1;1
1000604;2008-10-21;1;1094606;1017208;1;1
1000605;2008-10-21;1;1101624;1017210;1;1
1000606;2008-10-21;1;1101624;1017212;1;1
1000607;2008-10-21;1;1101624;1017214;1;1
1000608;2008-10-23;1;1048771;1017220;1;1
1000609;2008-10-23;1;1109564;1017221;1;1
1000610;2008-10-23;1;1048771;1017222;1;1
1000612;2008-10-30;1;1094919;1017249;1;1
1000613;2008-10-30;1;1003406;1017249;1;1
1000614;2008-10-30;1;1048858;1017252;1;1
1000615;2008-10-31;1;1025535;1017260;1;1
1000616;2008-11-04;1;1049127;1017267;1;1
1000617;2008-11-07;1;1073905;1017279;1;1
1000619;2008-11-12;1;1066948;1017283;1;1
1000620;2008-11-12;1;1066675;1017283;1;1
1000621;2008-11-12;1;1108161;1017284;1;1
1000622;2008-11-13;1;1117910;1016297;1;1
1000623;2008-11-13;1;1059265;1017287;1;1
1000624;2008-11-13;1;1062936;1017287;1;1
1000625;2008-11-13;1;1111251;1017288;1;1
1000626;2008-11-13;1;1111275;1017288;1;1
1000627;2008-11-13;1;1054400;1017289;1;1
1000628;2008-11-13;1;1087597;1017289;1;1
1000629;2008-11-13;1;1084553;1017292;1;1
1000630;2008-11-13;1;1099748;1017292;1;1
1000631;2008-11-17;1;1035078;1017295;1;1
1000632;2008-11-17;1;1081879;1017295;1;1
1000633;2008-11-17;1;1028124;1017296;1;1
1000634;2008-11-17;1;1059267;1017298;1;1
1000635;2008-11-19;1;1096202;1017302;1;1
1000636;2008-11-19;1;1110461;1017302;1;1
1000637;2008-11-19;1;1096202;1017303;1;1
1000638;2008-11-19;1;1110461;1017303;1;1
1000639;2008-11-19;1;1084559;1017304;1;1
1000640;2008-11-19;1;1099816;1017304;1;1
1000641;2008-11-24;1;1054376;1017306;1;1
1000642;2008-11-24;1;1035795;1017306;1;1
1000643;2008-11-24;1;1117815;1017306;1;1
1000644;2008-11-24;1;1090333;1017309;1;1
1000645;2008-11-24;1;1054455;1017314;1;1
1000647;2008-11-25;1;1041448;1017315;1;1
1000648;2008-11-26;1;1118693;1017260;1;1
1000649;2008-11-27;1;1038742;1017326;1;1
1000650;2008-11-27;1;1074407;1017326;1;1
1000651;2008-11-27;1;1118828;1002169;1;1
1000652;2008-12-04;1;1119134;1010876;0;666
1000653;2008-12-04;1;1119134;1010876;1;1
1000654;2008-12-04;1;1119134;1015326;1;1
1000655;2008-12-12;1;1106281;1017357;1;1
1000656;2008-12-17;1;1048771;1017363;1;1
1000657;2008-12-17;1;1005681;1017365;1;1
1000658;2008-12-18;1;1117460;1017369;1;1
1000660;2008-12-23;1;1083726;1017380;1;1
1000662;2008-12-23;1;1112437;1017380;1;1
1000663;2008-12-23;1;1025632;1017380;1;1
1000664;2008-12-23;1;1027577;1017380;1;1
1000665;2008-12-23;1;1111499;1017380;1;1
1000666;2009-01-06;1;1120345;1008405;1;1
1000667;2009-01-06;1;1017836;1017384;1;1
1000668;2009-01-06;1;1120396;1017246;3;7
1000669;2009-01-06;1;1064074;1017386;1;1
1000670;2009-01-07;1;1081637;1017393;1;1
1000671;2009-01-12;1;1050575;1017432;1;1
1000673;2009-01-13;1;1104698;1017437;1;1
1000674;2009-01-13;1;1121430;1013298;1;1
1000675;2009-01-13;1;1121435;1013298;1;1
1000676;2009-01-15;1;1095019;1017474;1;1
1000677;2009-01-16;1;1113558;1017477;1;1
1000678;2009-01-19;1;1090824;1017483;1;1
1000679;2009-01-20;1;1122135;1002838;1;1
1000680;2009-01-20;1;1122137;1002838;1;1
1000681;2009-01-22;1;1005746;1017497;1;1
1000684;2009-01-23;1;1039578;1017507;1;1
1000685;2009-01-27;1;1113069;1017518;1;1
1000686;2009-01-28;1;1104825;1017521;1;1
1000687;2009-01-28;1;1099782;1017521;1;1
1000688;2009-01-28;1;1122699;1011079;1;1
1000689;2009-01-29;1;1122719;1016440;3;7
1000690;2009-01-29;1;1122720;1016417;3;7
1000691;2009-01-30;1;1017836;1017528;1;1
1000692;2009-02-03;1;1054400;1017534;1;1
1000693;2009-02-05;1;1124117;1004145;1;1
1000695;2009-02-05;1;1124117;1006096;1;1
1000696;2009-02-05;1;1000974;1017539;1;1
1000697;2009-02-06;1;1080811;1017546;1;1
1000698;2009-02-09;1;1123723;1002838;1;1
1000699;2009-02-11;1;1121137;1017564;1;1
1000700;2009-02-13;1;1053858;1017575;1;1
1000701;2009-02-20;1;1119561;1017604;1;1
1000702;2009-02-20;1;1120917;1017605;1;1
1000703;2009-02-20;1;1003305;1017606;1;1
1000704;2009-02-20;1;1123198;1017608;1;1
1000705;2009-02-20;1;1124431;1017608;1;1
1000706;2009-02-23;1;1124243;1017613;1;1
1000707;2009-02-23;1;1053439;1017613;1;1
1000708;2009-02-24;1;1123102;1017614;1;1
1000709;2009-02-24;1;1062937;1017622;1;1
1000710;2009-02-24;1;1117950;1017622;1;1
1000711;2009-02-24;1;1062937;1017615;1;1
1000712;2009-02-24;1;1117950;1017615;1;1
1000713;2009-02-24;1;1062937;1017616;1;1
1000714;2009-02-24;1;1117950;1017616;1;1
1000715;2009-02-24;1;1012221;1017618;1;1
1000716;2009-02-25;1;1096195;1017626;1;1
1000717;2009-02-26;1;1049127;1017628;1;1
1000718;2009-02-26;1;1096195;1017632;1;1
1000719;2009-02-26;1;1005615;1017633;1;1
1000720;2009-02-27;1;1062062;1017637;1;1
1000721;2009-02-27;1;1054400;1017636;1;1
1000722;2009-03-02;1;1086599;1017640;1;1
1000724;2009-03-02;1;1086546;1017640;1;1
1000725;2009-03-02;1;1102931;1017640;1;1
1000726;2009-03-03;1;1068071;1017644;1;1
1000727;2009-03-05;1;1124497;1017645;1;1
1000728;2009-03-05;1;1050089;1017648;1;1
1000729;2009-03-10;1;1104321;1017659;1;1
1000730;2009-03-10;1;1027256;1017659;1;1
1000731;2009-03-10;1;1029271;1017659;1;1
1000732;2009-03-10;1;1124020;1017662;1;1
1000733;2009-03-10;1;1124030;1017662;1;1
1000734;2009-03-10;1;1087184;1017662;1;1
1000735;2009-03-11;1;1120354;1017665;1;1
1000736;2009-03-12;1;1113521;1017671;1;1
1000737;2009-03-12;1;1126885;1016150;0;666
1000738;2009-03-12;1;1067449;1017674;1;1
1000739;2009-03-18;1;1096391;1017698;1;1
1000740;2009-03-18;1;1096392;1017698;1;1
1000741;2009-03-19;1;1124883;1017702;1;1
1000742;2009-03-19;1;1124884;1017702;1;1
1000743;2009-03-19;1;1103557;1017705;1;1
1000744;2009-03-20;1;1064394;1017710;1;1
1000745;2009-03-24;1;1125808;1017718;1;1
1000747;2009-03-25;1;1126312;1017722;1;1
1000748;2009-03-26;1;1020473;1017731;1;1
1000749;2009-04-02;1;1116505;1017760;1;1
1000750;2009-04-02;1;1116489;1017760;1;1
1000751;2009-04-06;1;1096094;1017765;1;1
1000752;2009-04-09;1;1129308;1003226;1;1
1000753;2009-04-09;1;1129295;1002688;1;1
1000754;2009-04-09;1;1113728;1017784;1;1
1000755;2009-04-09;1;1126670;1017789;1;1
1000756;2009-04-09;1;1064394;1017790;1;1
1000757;2009-04-17;1;1025828;1017812;1;1
1000758;2009-04-24;1;1054400;1017825;1;1
1000759;2009-04-24;1;1096199;1017825;1;1
1000760;2009-04-24;1;1101514;1017825;1;1
1000761;2009-04-24;1;1004574;1002554;1;1
1000762;2009-04-27;1;1095906;1017836;1;1
1000763;2009-04-29;1;1130039;1017542;1;1
1000764;2009-04-29;1;1130043;1013949;1;1
1000765;2009-05-04;1;1106514;1017863;1;1
1000766;2009-05-04;1;1106530;1017863;1;1
1000767;2009-05-04;1;1106531;1017863;1;1
1000768;2009-05-04;1;1004935;1017862;1;1
1000769;2009-05-05;1;1130974;1017307;10;11
1000770;2009-05-05;1;1048771;1017868;1;1
1000771;2009-05-12;1;1026620;1017884;1;1
1000772;2009-05-12;1;1095918;1017884;1;1
1000773;2009-05-13;1;1060163;1017889;1;1
1000774;2009-05-13;1;1060165;1017890;1;1
1000775;2009-05-13;1;1060165;1017891;1;1
1000776;2009-05-13;1;1060163;1017892;1;1
1000777;2009-05-15;1;1116012;1017899;1;1
1000778;2009-05-20;1;1106636;1017906;1;1
1000779;2009-05-26;1;1129699;1017913;1;1
1000780;2009-05-26;1;1129332;1017913;1;1
1000781;2009-05-26;1;1129716;1017913;1;1
1000782;2009-05-28;1;1132720;1016779;1;1
1000783;2009-05-28;1;1098379;1017928;1;1
1000784;2009-05-29;1;1120443;1017931;1;1
1000785;2009-05-29;1;1120447;1017931;1;1
1000786;2009-06-03;1;1123027;1017939;1;1
1000787;2009-06-03;1;1123028;1017939;1;1
1000788;2009-06-03;1;1126417;1017939;1;1
1000789;2009-06-05;1;1125271;1017947;1;1
1000790;2009-06-08;1;1050388;1017960;1;1
1000791;2009-06-09;1;1081820;1017965;1;1
1000793;2009-06-16;1;1104851;1018001;1;1
1000794;2009-06-19;1;1063554;1018014;1;1
1000795;2009-06-19;1;1124479;1018015;1;1
1000796;2009-06-19;1;1062040;1018015;1;1
1000797;2009-06-19;1;1134033;1018014;1;1
1000798;2009-06-19;1;1134058;1018015;1;1
1000799;2009-06-19;1;1120200;1018012;1;1
1000800;2009-06-19;1;1124279;1018012;1;1
1000801;2009-06-19;1;1070024;1018012;1;1
1000802;2009-06-19;1;1063421;1018012;1;1
1000803;2009-06-23;1;1113081;1018031;1;1
1000804;2009-06-23;1;1134308;1018014;1;1
1000805;2009-06-23;1;1054967;1018032;1;1
1000806;2009-06-23;1;1093882;1018032;1;1
1000807;2009-06-23;1;1103585;1018033;1;1
1000808;2009-06-23;1;1124642;1018033;1;1
1000809;2009-06-23;1;1103584;1018034;1;1
1000810;2009-06-23;1;1124641;1018034;1;1
1000811;2009-06-25;1;1050366;1018045;1;1
1000812;2009-06-25;1;1125411;1018046;1;1
1000813;2009-06-26;1;1134920;1010352;1;1
1000814;2009-06-29;1;1096195;1018055;1;1
1000815;2009-06-29;1;1110507;1018055;1;1
1000816;2009-06-29;1;1096192;1018056;1;1
1000817;2009-06-29;1;1096195;1018056;1;1
1000818;2009-06-29;1;1110507;1018056;1;1
1000819;2009-07-01;1;1013434;1018064;1;1
1000820;2009-07-01;1;1083148;1018064;1;1
1000821;2009-07-01;1;1083158;1018064;1;1
1000822;2009-07-02;1;1085822;1018073;1;1
1000823;2009-07-03;1;1074672;1018066;1;1
1000824;2009-07-03;1;1125808;1018075;1;1
1000825;2009-07-03;1;1062937;1018075;1;1
1000826;2009-07-03;1;1127883;1018075;1;1
1000827;2009-07-06;1;1120348;1018089;1;1
1000828;2009-07-07;1;1125808;1018096;1;1
1000829;2009-07-07;1;1062937;1018096;1;1
1000830;2009-07-07;1;1117950;1018096;1;1
1000831;2009-07-07;1;1125808;1018095;1;1
1000832;2009-07-07;1;1062937;1018095;1;1
1000833;2009-07-07;1;1127883;1018095;1;1
1000834;2009-07-07;1;1125808;1018097;1;1
1000835;2009-07-07;1;1062937;1018097;1;1
1000836;2009-07-07;1;1117950;1018097;1;1
1000837;2009-07-07;1;1125808;1018099;1;1
1000838;2009-07-07;1;1125808;1018098;1;1
1000839;2009-07-07;1;1062937;1018099;1;1
1000840;2009-07-07;1;1062937;1018098;1;1
1000841;2009-07-07;1;1127874;1018099;1;1
1000842;2009-07-07;1;1127874;1018098;1;1
1000843;2009-07-08;1;1126315;1018106;1;1
1000844;2009-07-09;1;1134700;1018114;1;1
1000845;2009-07-09;1;1134700;1018115;1;1
1000846;2009-07-09;1;1134700;1018116;1;1
1000847;2009-07-10;1;1097816;1018121;1;1
1000848;2009-07-10;1;1061081;1018123;1;1
1000849;2009-07-13;1;1117157;1018127;1;1
1000850;2009-07-14;1;1129825;1018129;1;1
1000851;2009-07-14;1;1054376;1018130;1;1
1000852;2009-07-14;1;1073385;1018130;1;1
1000853;2009-07-22;1;1113419;1018143;1;1
1000854;2009-07-23;1;1076562;1018147;1;1
1000856;2009-07-23;1;1050397;1018150;1;1
1000857;2009-07-31;1;1114631;1018191;1;1
1000858;2009-07-31;1;1114632;1018191;1;1
1000859;2009-07-31;1;1114640;1018191;1;1
1000860;2009-08-04;1;1095229;1018199;1;1
1000861;2009-08-04;1;1095241;1018199;1;1
1000862;2009-08-05;1;1131754;1018203;1;1
1000863;2009-08-05;1;1021870;1004421;1;1
1000864;2009-08-06;1;1134700;1018209;1;1
1000865;2009-08-06;1;1134700;1018208;1;1
1000866;2009-08-10;1;1020059;1018224;1;1
1000867;2009-08-14;1;1027867;1018229;1;1
1000868;2009-08-14;1;1123103;1018231;1;1
1000869;2009-08-14;1;1129655;1018232;1;1
1000870;2009-08-14;1;1121484;1018233;1;1
1000871;2009-08-17;1;1095036;1018236;1;1
1000872;2009-08-21;1;1131967;1018245;1;1
1000873;2009-08-21;1;1120915;1018246;1;1
1000874;2009-08-24;1;1054376;1018248;1;1
1000875;2009-08-24;1;1073385;1018248;1;1
1000876;2009-08-24;1;1139239;1018249;1;1
1000877;2009-08-24;1;1139088;1012054;1;1
1000878;2009-08-24;1;1139094;1013498;1;1
1000879;2009-08-24;1;1003334;1018252;1;1
1000880;2009-08-24;1;1132332;1018252;1;1
1000881;2009-08-24;1;1139119;1018253;1;1
1000882;2009-08-24;1;1139129;1018253;1;1
1000883;2009-08-25;1;1139266;1018254;1;1
1000884;2009-08-25;1;1138942;1018258;1;1
1000885;2009-08-26;1;1139131;1018259;1;1
1000886;2009-08-26;1;1139134;1018259;1;1
1000887;2009-08-26;1;1139147;1018259;1;1
1000888;2009-08-26;1;1139158;1018259;1;1
1000889;2009-08-26;1;1138929;1018262;1;1
1000890;2009-08-26;1;1139067;1018263;1;1
1000891;2009-08-26;1;1079075;1018264;1;1
1000892;2009-08-26;1;1138937;1018266;1;1
1000893;2009-08-28;1;1139188;1007276;1;1
1000894;2009-08-28;1;1139182;1017004;1;1
1000895;2009-08-28;1;1131691;1017004;1;1
1000896;2009-08-28;1;1131855;1017004;1;1
1000897;2009-08-28;1;1139178;1018271;1;1
1000898;2009-08-28;1;1096454;1018272;1;1
1000899;2009-08-28;1;1074860;1018272;1;1
1000900;2009-08-28;1;1108866;1018276;1;1
1000901;2009-08-31;1;1069395;1018278;1;1
1000902;2009-08-31;1;1139128;1018280;1;1
1000903;2009-09-03;1;1057596;1018291;1;1
1000904;2009-09-03;1;1048573;1018292;1;1
1000905;2009-09-04;1;1073363;1018294;1;1
1000906;2009-09-04;1;1000977;1018294;1;1
1000907;2009-09-04;1;1095023;1018308;1;1
1000908;2009-09-04;1;1095037;1018308;1;1
1000909;2009-09-04;1;1101924;1018303;1;1
1000910;2009-09-04;1;1101927;1018303;1;1
1000912;2009-09-04;1;1049241;1018303;1;1
1000913;2009-09-04;1;1086855;1018303;1;1
1000914;2009-09-10;1;1004935;1018312;1;1
1000915;2009-09-10;1;1141851;1018313;1;1
1000916;2009-09-10;1;1048758;1018314;1;1
1000917;2009-09-10;1;1074832;1018315;1;1
1000918;2009-09-11;1;1062013;1018318;1;1
1000919;2009-09-17;1;1142390;1003747;0;666
1000920;2009-09-17;1;1087126;1018359;1;1
1000921;2009-09-18;1;1142024;1018372;1;1
1000922;2009-09-18;1;1008977;1018368;1;1
1000923;2009-09-21;1;1093581;1018382;1;1
1000924;2009-09-23;1;1129011;1018385;1;1
1000925;2009-09-23;1;1129012;1018385;1;1
1000926;2009-09-23;1;1129013;1018385;1;1
1000927;2009-09-23;1;1131777;1018387;1;1
1000928;2009-09-23;1;1131683;1018392;1;1
1000929;2009-09-23;1;1131695;1018392;1;1
1000930;2009-09-23;1;1131840;1018392;1;1
1000931;2009-09-24;1;1094520;1018402;1;1
1000932;2009-09-24;1;1038736;1018402;1;1
1000933;2009-09-24;1;1038739;1018402;1;1
1000934;2009-09-24;1;1038741;1018402;1;1
1000935;2009-09-24;1;1140785;1018404;1;1
1000936;2009-09-24;1;1140788;1018404;1;1
1000937;2009-09-24;1;1128002;1018407;1;1
1000938;2009-09-25;1;1132328;1018410;1;1
1000940;2009-09-30;1;1095037;1018412;1;1
1000941;2009-09-30;1;1095037;1018413;1;1
1000942;2009-09-30;1;1113541;1018413;1;1
1000943;2009-09-30;1;1057391;1018414;1;1
1000944;2009-10-02;1;1054413;1018421;1;1
1000945;2009-10-05;1;1094394;1018428;1;1
1000946;2009-10-06;1;1131720;1018430;1;1
1000947;2009-10-12;1;1068003;1018433;1;1
1000948;2009-10-12;1;1086852;1018433;1;1
1000949;2009-10-12;1;1064394;1018434;1;1
1000950;2009-10-12;1;1000270;1018435;1;1
1000951;2009-10-13;1;1004277;1018439;1;1
1000952;2009-10-13;1;1038742;1018439;1;1
1000953;2009-10-13;1;1047598;1018439;1;1
1000954;2009-10-13;1;1095036;1018439;1;1
1000955;2009-10-13;1;1083162;1018442;1;1
1000956;2009-10-13;1;1087126;1018442;1;1
1000957;2009-10-14;1;1137668;1018446;1;1
1000958;2009-10-15;1;1129810;1018448;1;1
1000959;2009-10-15;1;1129811;1018448;1;1
1000960;2009-10-15;1;1137668;1018449;1;1
1000961;2009-10-15;1;1139212;1018450;1;1
1000962;2009-10-22;1;1134660;1018474;1;1
1000963;2009-10-22;1;1000274;1018475;1;1
1000964;2009-10-22;1;1000292;1018475;1;1
1000965;2009-10-22;1;1134668;1018475;1;1
1000966;2009-10-22;1;1134668;1018476;1;1
1000967;2009-10-22;1;1124431;1018477;1;1
1000968;2009-10-22;1;1134668;1018477;1;1
1000969;2009-10-22;1;1140294;1018477;1;1
1000970;2009-10-22;1;1071838;1018477;1;1
1000971;2009-10-22;1;1143230;1018478;1;1
1000972;2009-10-22;1;1143251;1018479;1;1
1000973;2009-10-23;1;1141931;1018482;1;1
1000974;2009-10-23;1;1141941;1018482;1;1
1000975;2009-10-23;1;1140719;1018482;1;1
1000976;2009-10-23;1;1141976;1018482;1;1
1000977;2009-10-23;1;1140735;1018482;1;1
1000978;2009-10-23;1;1003112;1018482;1;1
1000979;2009-10-23;1;1113743;1018482;1;1
1000980;2009-10-23;1;1038736;1018482;1;1
1000981;2009-10-23;1;1038742;1018482;1;1
1000982;2009-10-23;1;1140581;1018482;1;1
1000983;2009-10-26;1;1010073;1018483;1;1
1000984;2009-10-26;1;1090033;1018483;1;1
1000985;2009-10-26;1;1002405;1018484;1;1
1000986;2009-10-27;1;1000292;1018488;1;1
1000987;2009-10-27;1;1124431;1018488;1;1
1000988;2009-10-27;1;1134668;1018488;1;1
1000989;2009-10-27;1;1134668;1018487;1;1
1000990;2009-10-27;1;1096195;1018485;1;1
1000991;2009-10-28;1;1136878;1018490;1;1
1000992;2009-10-29;1;1124498;1018500;1;1
1000993;2009-11-03;1;1137285;1018505;1;1
1000994;2009-11-03;1;1062937;1018505;1;1
1000995;2009-11-03;1;1127883;1018505;1;1
1000996;2009-11-03;1;1137285;1018506;1;1
1000997;2009-11-03;1;1062937;1018506;1;1
1000998;2009-11-03;1;1127883;1018506;1;1
1000999;2009-11-03;1;1137285;1018507;1;1
1001000;2009-11-03;1;1062937;1018507;1;1
1001001;2009-11-03;1;1127883;1018507;1;1
1001002;2009-11-03;1;1137285;1018508;1;1
1001004;2009-11-03;1;1062937;1018508;1;1
1001005;2009-11-03;1;1127883;1018508;1;1
1001006;2009-11-03;1;1137285;1018509;1;1
1001007;2009-11-03;1;1062937;1018509;1;1
1001008;2009-11-03;1;1127883;1018509;1;1
1001009;2009-11-05;1;1110446;1018512;1;1
1001010;2009-11-05;1;1137285;1018513;1;1
1001011;2009-11-05;1;1062937;1018513;1;1
1001012;2009-11-05;1;1127874;1018513;1;1
1001013;2009-11-09;1;1141301;1018514;1;1
1001014;2009-11-13;1;1134700;1018516;1;1
1001015;2009-11-13;1;1113088;1018517;1;1
1001016;2009-11-13;1;1137179;1018517;1;1
1001018;2009-11-13;1;1137180;1018517;1;1
1001019;2009-11-25;1;1141962;1018532;1;1
1001020;2009-11-25;1;1141984;1018532;1;1
1001021;2009-11-25;1;1140769;1018532;1;1
1001022;2009-11-25;1;1140143;1018532;1;1
1001023;2009-11-27;1;1097816;1018535;1;1
1001024;2009-11-30;1;1139139;1018540;1;1
1001025;2009-11-30;1;1139138;1018540;1;1
1001026;2009-11-30;1;1057526;1018542;1;1
1001027;2009-12-02;1;1063411;1018544;1;1
1001028;2009-12-02;1;1098382;1018543;1;1
1001029;2009-12-04;1;1129941;1018546;1;1
1001030;2009-12-04;1;1129945;1018546;1;1
1001031;2009-12-04;1;1048798;1018548;1;1
1001032;2009-12-07;1;1003911;1018552;1;1
1001033;2009-12-07;1;1137739;1018552;1;1
1001034;2009-12-07;1;1094567;1018552;1;1
1001035;2009-12-07;1;1137750;1018552;1;1
1001036;2009-12-07;1;1094606;1018552;1;1
1001037;2009-12-07;1;1038736;1018552;1;1
1001038;2009-12-07;1;1038742;1018552;1;1
1001039;2009-12-07;1;1137742;1018552;1;1
1001040;2009-12-07;1;1137743;1018552;1;1
1001041;2009-12-07;1;1047582;1018552;1;1
1001042;2009-12-10;1;1053201;1018562;1;1
1001043;2009-12-11;1;1109579;1018569;1;1
1001044;2009-12-14;1;1141271;1018578;1;1
1001045;2009-12-14;1;1141276;1018578;1;1
1001046;2009-12-15;1;1054376;1018583;1;1
1001047;2009-12-16;1;1136068;1018593;1;1
1001048;2009-12-24;1;1143973;1018621;1;1
1001049;2010-01-05;1;1022312;1018628;1;1
1001050;2010-01-05;1;1081886;1018631;1;1
1001051;2010-01-05;1;1005681;1018632;1;1
1001052;2010-01-06;1;1142289;1018638;1;1
1001053;2010-01-06;1;1142290;1018638;1;1
1001054;2010-01-06;1;1147887;1009642;1;1
1001055;2010-01-06;1;1147890;1000669;1;1
1001056;2010-01-06;1;1147890;1000710;1;1
1001057;2010-01-06;1;1147975;1008174;1;1
1001058;2010-01-06;1;1147908;1018402;1;1
1001059;2010-01-06;1;1147912;1000195;1;1
1001060;2010-01-06;1;1147914;1000195;1;1
1001061;2010-01-06;1;1147915;1012990;1;1
1001062;2010-01-06;1;1147915;1013833;1;1
1001063;2010-01-06;1;1147932;1015331;1;1
1001064;2010-01-07;1;1131967;1018641;1;1
1001065;2010-01-07;1;1148316;1018245;1;1
1001066;2010-01-07;1;1147678;1018647;1;1
1001067;2010-01-08;1;1137634;1018651;1;1
1001068;2010-01-08;1;1132763;1018654;1;1
1001069;2010-01-08;1;1034079;1018654;1;1
1001070;2010-01-08;1;1142851;1018655;1;1
1001071;2010-01-08;1;1142852;1018655;1;1
1001072;2010-01-08;1;1050366;1018656;1;1
1001073;2010-01-11;1;1147678;1018659;1;1
1001074;2010-01-11;1;1146387;1018662;1;1
1001075;2010-01-12;1;1146046;1018675;1;1
1001076;2010-01-12;1;1131625;1018677;1;1
1001078;2010-01-13;1;1137268;1018681;1;1
1001079;2010-01-13;1;1131615;1018690;1;1
1001080;2010-01-18;1;1123103;1018701;1;1
1001081;2010-01-18;1;1147615;1018701;1;1
1001082;2010-01-18;1;1146790;1018702;1;1
1001083;2010-01-18;1;1000974;1018702;1;1
1001084;2010-01-20;1;1020473;1018706;1;1
1001085;2010-01-21;1;1149073;1018709;1;1
1001086;2010-01-21;1;1127883;1018709;1;1
1001087;2010-01-25;1;1025828;1018716;1;1
1001088;2010-01-25;1;1117282;1018717;1;1
1001089;2010-01-25;1;1124243;1018718;1;1
1001090;2010-01-25;1;1128904;1018718;1;1
1001091;2010-01-25;1;1067449;1018720;1;1
1001092;2010-01-26;1;1067449;1018722;1;1
1001093;2010-01-28;1;1097816;1018730;1;1
1001094;2010-02-02;1;1123103;1018747;1;1
1001095;2010-02-02;1;1147615;1018747;1;1
1001096;2010-02-09;1;1149738;1006279;1;1
1001097;2010-02-09;1;1149536;1008142;1;1
1001098;2010-02-18;1;1054087;1018769;1;1
1001099;2010-02-22;1;1056379;1018776;1;1
1001100;2010-02-22;1;1056380;1018776;1;1
1001101;2010-02-23;1;1111397;1018779;1;1
1001102;2010-02-23;1;1147938;1018780;1;1
1001103;2010-02-23;1;1124036;1018770;1;1
1001104;2010-02-26;1;1147938;1018790;1;1
1001105;2010-03-05;1;1103562;1018801;1;1
1001106;2010-03-05;1;1134651;1018801;1;1
1001107;2010-03-09;1;1030428;1003383;1;1
1001108;2010-03-09;1;1149073;1018804;1;1
1001109;2010-03-09;1;1127874;1018804;1;1
1001110;2010-03-09;1;1149073;1018805;1;1
1001111;2010-03-09;1;1127874;1018805;1;1
1001112;2010-03-10;1;1149092;1018819;1;1
1001113;2010-03-12;1;1031225;1018848;1;1
1001114;2010-03-15;1;1149800;1018849;1;1
1001115;2010-03-18;1;1115420;1018857;1;1
1001116;2010-03-18;1;1076989;1018859;1;1
1001117;2010-03-19;1;1125154;1018869;1;1
1001118;2010-03-19;1;1119742;1018869;1;1
1001119;2010-03-22;1;1038736;1018874;1;1
1001120;2010-03-22;1;1095039;1018874;1;1
1001121;2010-03-26;1;1130008;1018897;1;1
1001122;2010-03-31;1;1124865;1018903;1;1
1001123;2010-03-31;1;1111289;1018904;1;1
1001124;2010-04-14;1;1121083;1018929;1;1
1001125;2010-04-19;1;1094567;1018938;1;1
1001126;2010-04-19;1;1094606;1018938;1;1
1001127;2010-04-20;1;1103559;1018941;1;1
1001128;2010-04-20;1;1149672;1018863;1;1
1001129;2010-04-20;1;1149677;1018863;1;1
1001130;2010-04-23;1;1125169;1018953;1;1
1001131;2010-04-23;1;1001767;1004292;1;1
1001132;2010-04-27;1;1139116;1018962;1;1
1001133;2010-04-27;1;1131754;1018962;1;1
1001134;2010-05-03;1;1020473;1018988;1;1
1001136;2010-05-07;1;1153669;1018994;666;4
1001137;2010-05-07;1;1153669;1018995;666;4
1001138;2010-05-11;1;1129061;1018997;1;1
1001141;2010-05-17;1;1133594;1019003;1;1
1001142;2010-05-26;1;1097816;1019013;1;1
1001143;2010-05-26;1;1125415;1019013;1;1
1001144;2010-05-26;1;1125412;1019013;1;1
1001145;2010-05-27;1;1004575;1000591;1;1
1001146;2010-05-28;1;1129784;1019034;1;1
1001147;2010-05-28;1;1067449;1019035;1;1
1001148;2010-06-02;1;1140758;1019050;1;1
1001149;2010-06-02;1;1140025;1019050;1;1
1001150;2010-06-10;1;1067449;1019104;1;1
1001151;2010-06-11;1;1129437;1019106;1;1
1001152;2010-06-17;1;1067449;1019133;1;1
1001153;2010-06-17;1;1067449;1019134;1;1
1001154;2010-06-28;1;1067449;1019173;1;1
1001155;2010-06-30;1;1137742;1019179;1;1
1001156;2010-06-30;1;1137743;1019179;1;1
1001157;2010-06-30;1;1053871;1019178;1;1
1001159;2010-07-01;1;1054985;1019180;1;1
1001160;2010-07-02;1;1050077;1019184;1;1
1001161;2010-07-02;1;1050101;1019184;1;1
1001162;2010-07-02;1;1050104;1019184;1;1
1001163;2010-07-12;1;1132944;1019204;1;1
1001164;2010-07-12;1;1145361;1019203;1;1
1001165;2010-07-20;1;1057392;1019223;1;1
1001166;2010-07-26;1;1155984;1019246;1;1
1001167;2010-07-27;1;1073363;1019250;1;1
1001168;2010-07-27;1;1000977;1019250;1;1
1001169;2010-07-30;1;1137285;1019261;1;1
1001170;2010-08-04;1;1062013;1019268;1;1
1001171;2010-08-05;1;1155985;1019277;1;1
1001172;2010-08-09;1;1139178;1019292;1;1
1001173;2010-08-09;1;1139856;1019292;1;1
1001174;2010-08-09;1;1139857;1019292;1;1
1001175;2010-08-12;1;1130427;1019300;1;1
1001176;2010-08-12;1;1130427;1019301;1;1
1001177;2010-08-12;1;1149375;1019302;1;1
1001178;2010-08-12;1;1149375;1019303;1;1
1001179;2010-08-13;1;1146661;1019305;1;1
1001180;2010-08-17;1;1149469;1019308;1;1
1001181;2010-08-18;1;1073363;1019310;1;1
1001182;2010-08-18;1;1000977;1019310;1;1
1001183;2010-08-26;1;1109383;1019318;1;1
1001184;2010-08-30;1;1101624;1019345;1;1
1001185;2010-08-30;1;1013443;1019345;1;1
1001186;2010-08-30;1;1108836;1019346;1;1
1001187;2010-09-01;1;1139123;1019355;1;1
1001188;2010-09-08;1;1124865;1019363;1;1
1001189;2010-09-09;1;1124865;1019366;1;1
1001190;2010-09-09;1;1146488;1019367;1;1
1001191;2010-09-10;1;1139036;1019375;1;1
1001192;2010-09-10;1;1139035;1019369;1;1
1001193;2010-09-14;1;1158113;1019406;1;1
1001194;2010-09-29;1;1134898;1019533;1;1
1001195;2010-09-29;1;1081874;1019533;1;1
1001196;2010-09-30;1;1050089;1019534;1;1
1001197;2010-10-01;1;1129643;1019546;1;1
1001198;2010-10-01;1;1129644;1019546;1;1
1001199;2010-10-01;1;1129646;1019546;1;1
1001200;2010-10-05;1;1062013;1019548;1;1
1001201;2010-10-05;1;1062013;1019549;1;1
1001202;2010-10-05;1;1062013;1019550;1;1
1001203;2010-10-05;1;1062013;1019551;1;1
1001204;2010-10-05;1;1132328;1019552;1;1
1001205;2010-10-06;1;1097816;1019553;1;1
1001206;2010-10-06;1;1125412;1019553;1;1
1001207;2010-10-06;1;1125415;1019553;1;1
1001208;2010-10-06;1;1130492;1019554;1;1
1001209;2010-10-07;1;1124865;1019559;1;1
1001210;2010-10-07;1;1129818;1019561;1;1
1001211;2010-10-07;1;1129863;1019561;1;1
1001212;2010-10-12;1;1048606;1019564;1;1
1001213;2010-10-12;1;1048609;1019564;1;1
1001214;2010-10-14;1;1142516;1019568;1;1
1001215;2010-10-15;1;1115420;1019572;1;1
1001216;2010-10-15;1;1115420;1019571;1;1
1001217;2010-10-19;1;1073363;1019574;1;1
1001218;2010-10-19;1;1000977;1019574;1;1
1001219;2010-10-19;1;1073363;1019573;1;1
1001220;2010-10-19;1;1000977;1019573;1;1
1001221;2010-10-22;1;1124498;1019597;1;1
1001222;2010-10-26;1;1149073;1019604;1;1
1001223;2010-10-26;1;1149073;1019605;1;1
1001224;2010-10-26;1;1149073;1019606;1;1
1001225;2010-10-26;1;1149073;1019607;1;1
1001226;2010-10-26;1;1156401;1019607;1;1
1001227;2010-10-26;1;1156401;1019604;1;1
1001228;2010-10-26;1;1156401;1019605;1;1
1001229;2010-10-26;1;1156401;1019606;1;1
1001230;2010-10-26;1;1149073;1019608;1;1
1001231;2010-10-26;1;1156401;1019608;1;1
1001232;2010-10-26;1;1149073;1019609;1;1
1001233;2010-10-26;1;1156401;1019609;1;1
1001235;2010-10-26;1;1149073;1019610;1;1
1001236;2010-10-26;1;1149073;1019611;1;1
1001237;2010-10-26;1;1149073;1019612;1;1
1001238;2010-10-26;1;1149073;1019613;1;1
1001239;2010-10-26;1;1149073;1019614;1;1
1001240;2010-10-26;1;1149073;1019615;1;1
1001241;2010-10-26;1;1156401;1019610;1;1
1001242;2010-10-26;1;1156401;1019611;1;1
1001243;2010-10-26;1;1156401;1019612;1;1
1001244;2010-10-26;1;1156401;1019614;1;1
1001245;2010-10-26;1;1156401;1019615;1;1
1001246;2010-10-26;1;1156401;1019613;1;1
1001247;2010-10-27;1;1117301;1019622;1;1
1001248;2010-10-29;1;1067429;1019626;1;1
1001249;2010-10-29;1;1159894;1019630;1;1
1001250;2010-10-29;1;1159894;1019631;1;1
1001251;2010-11-03;1;1156296;1019636;1;1
1001252;2010-11-05;1;1096180;1019647;1;1
1001253;2010-11-05;1;1110446;1019647;1;1
1001254;2010-11-12;1;1013645;1019701;1;1
1001255;2010-11-19;1;1149073;1019709;1;1
1001256;2010-11-19;1;1156401;1019709;1;1
1001257;2010-11-19;1;1149073;1019710;1;1
1001258;2010-11-19;1;1156401;1019710;1;1
1001259;2010-11-26;1;1140013;1019717;1;1
1001260;2010-11-26;1;1140015;1019717;1;1
1001261;2010-11-26;1;1140021;1019717;1;1
1001262;2010-11-26;1;1140022;1019717;1;1
1001263;2010-11-29;1;1138619;1019720;1;1
1001264;2010-11-30;1;1157841;1019721;1;1
1001265;2010-11-30;1;1157853;1019721;1;1
1001266;2010-11-30;1;1124865;1019722;1;1
1001267;2010-12-01;1;1161332;1019725;1;1
1001268;2010-12-01;1;1160905;1009419;1;1
1001269;2010-12-01;1;1160928;1009419;1;1
1001270;2010-12-01;1;1160948;1009085;1;1
1001271;2010-12-01;1;1161230;1004612;1;1
1001272;2010-12-03;1;1161306;1019731;1;1
1001273;2010-12-06;1;1161927;1019733;666;4
1001274;2010-12-06;1;1161927;1019734;666;4
1001275;2010-12-06;1;1120232;1019732;1;1
1001276;2010-12-06;1;1120234;1019732;1;1
1001277;2010-12-06;1;1120246;1019732;1;1
1001278;2010-12-09;1;1162426;1018092;1;1
1001279;2010-12-15;1;1153668;1019781;1;1
1001280;2010-12-15;1;1153668;1019782;1;1
1001281;2010-12-17;1;1096463;1019790;1;1
1001282;2010-12-21;1;1128781;1019805;1;1
1001283;2010-12-21;1;1128781;1019806;1;1
1001284;2010-12-21;1;1128781;1019807;1;1
1001285;2010-12-21;1;1128781;1019808;1;1
1001286;2011-01-04;1;1067401;1019843;1;1
1001287;2011-01-04;1;1067439;1019843;1;1
1001288;2011-01-04;1;1067450;1019843;1;1
1001289;2011-01-04;1;1067451;1019843;1;1
1001290;2011-01-04;1;1067600;1019843;1;1
1001291;2011-01-04;1;1064074;1019846;1;1
1001292;2011-01-04;1;1165078;1000669;1;1
1001293;2011-01-04;1;1165078;1000710;1;1
1001294;2011-01-04;1;1165084;1009642;1;1
1001295;2011-01-10;1;1136480;1019867;1;1
1001296;2011-01-10;1;1136528;1019867;1;1
1001297;2011-01-11;1;1050074;1019877;1;1
1001298;2011-01-11;1;1050079;1019877;1;1
1001299;2011-01-11;1;1050105;1019877;1;1
1001300;2011-01-12;1;1083726;1019891;1;1
1001301;2011-01-12;1;1159887;1019889;1;1
1001302;2011-01-12;1;1159889;1019889;1;1
1001303;2011-01-12;1;1086228;1019892;1;1
1001304;2011-01-13;1;1140018;1019894;1;1
1001305;2011-01-13;1;1032078;1019901;1;1
1001306;2011-01-13;1;1032114;1019901;1;1
1001307;2011-01-14;1;1130577;1019912;1;1
1001308;2011-01-18;1;1148273;1019920;1;1
1001309;2011-01-18;1;1148274;1019920;1;1
1001310;2011-01-19;1;1157029;1019927;1;1
1001311;2011-01-20;1;1121137;1019934;1;1
1001312;2011-01-25;1;1048520;1019951;1;1
1001313;2011-01-25;1;1160481;1019953;1;1
1001314;2011-01-25;1;1160487;1019952;1;1
1001315;2011-01-25;1;1114595;1019954;1;1
1001316;2011-01-25;1;1128833;1019957;1;1
1001317;2011-01-27;1;1134673;1019962;1;1
1001318;2011-01-28;1;1046046;1019965;1;1
1001319;2011-01-28;1;1046048;1019965;1;1
1001320;2011-01-28;1;1153617;1019967;1;1
1001321;2011-01-28;1;1153645;1019967;1;1
1001322;2011-01-28;1;1153651;1019967;1;1
1001323;2011-01-28;1;1123121;1019969;1;1
1001324;2011-02-01;1;1166256;1017859;1;1
1001325;2011-02-03;1;1160467;1019979;1;1
1001326;2011-02-03;1;1094970;1019982;1;1
1001327;2011-02-03;1;1141339;1019982;1;1
1001328;2011-02-04;1;1135820;1019990;1;1
1001329;2011-02-04;1;1149375;1019992;1;1
1001330;2011-02-08;1;1160474;1020002;1;1
1001331;2011-02-09;1;1048804;1005898;1;1
1001332;2011-02-10;1;1137371;1020014;1;1
1001333;2011-02-10;1;1137372;1020014;1;1
1001334;2011-02-10;1;1164639;1020019;1;1
1001335;2011-02-11;1;1099782;1020020;1;1
1001336;2011-02-11;1;1114579;1020020;1;1
1001337;2011-02-11;1;1101530;1020022;1;1
1001338;2011-02-15;1;1019610;1020036;1;1
1001339;2011-02-15;1;1024922;1020036;1;1
1001340;2011-02-16;1;1165627;1020040;1;1
1001343;2011-02-17;1;1081874;1020046;1;1
1001344;2011-02-23;1;1156252;1020056;1;1
1001345;2011-02-23;1;1167733;1020056;1;1
1001346;2011-02-23;1;1156252;1020058;1;1
1001347;2011-02-24;1;1167541;1020059;1;1
1001348;2011-02-24;1;1134657;1020059;1;1
1001349;2011-02-25;1;1167480;1020063;1;1
1001350;2011-02-25;1;1142290;1020063;1;1
1001351;2011-02-25;1;1135907;1020064;1;1
1001352;2011-02-28;1;1152377;1020066;1;1
1001353;2011-02-28;1;1152377;1020065;1;1
1001354;2011-03-02;1;1157759;1020071;1;1
1001355;2011-03-02;1;1157895;1020072;1;1
1001356;2011-03-07;1;1163587;1020083;1;1
1001357;2011-03-07;1;1156306;1020084;1;1
1001358;2011-03-08;1;1110507;1020086;1;1
1001359;2011-03-23;1;1048573;1020109;1;1
1001360;2011-03-24;1;1050366;1020112;1;1
1001361;2011-03-25;1;1157895;1020114;1;1
1001362;2011-03-30;1;1119506;1020137;1;1
1001363;2011-03-31;1;1151281;1020141;1;1
1001364;2011-04-05;1;1156287;1020142;1;1
1001365;2011-04-05;1;1082688;1020143;1;1
1001367;2011-04-11;1;1076548;1020158;1;1
1001368;2011-04-12;1;1117282;1020160;1;1
1001369;2011-04-14;1;1050366;1020165;1;1
1001370;2011-04-15;1;1121087;1020167;1;1
1001371;2011-04-15;1;1168645;1020168;1;1
1001372;2011-04-18;1;1035553;1020172;1;1
1001373;2011-04-18;1;1076700;1020172;1;1
1001374;2011-04-21;1;1002830;1003440;1;1
1001375;2011-04-21;1;1051167;1020176;1;1
1001376;2011-04-21;1;1028134;1020176;1;1
1001377;2011-04-22;1;1154411;1020190;1;1
1001378;2011-04-22;1;1154416;1020190;1;1
1001379;2011-04-26;1;1098450;1020194;1;1
1001380;2011-04-28;1;1056193;1020201;1;1
1001381;2011-04-28;1;1056194;1020201;1;1
1001382;2011-04-28;1;1068071;1020202;1;1
1001383;2011-05-05;1;1149375;1020211;1;1
1001384;2011-05-05;1;1130427;1020212;1;1
1001385;2011-05-05;1;1130427;1020213;1;1
1001386;2011-05-06;1;1062013;1020232;1;1
1001387;2011-05-06;1;1149375;1020235;1;1
1001388;2011-05-12;1;1019610;1020245;1;1
1001389;2011-05-12;1;1156426;1020249;1;1
1001390;2011-05-12;1;1141016;1020251;1;1
1001391;2011-05-17;1;1163587;1020259;1;1
1001392;2011-05-20;1;1089869;1020265;1;1
1001393;2011-05-26;1;1137668;1020273;1;1
1001394;2011-06-06;1;1130660;1020284;1;1
1001395;2011-06-14;1;1138616;1020296;1;1
1001396;2011-06-15;1;1040795;1020311;1;1
1001397;2011-06-15;1;1040797;1020311;1;1
1001398;2011-06-16;1;1048573;1020313;1;1
1001399;2011-06-16;1;1048573;1020316;1;1
1001400;2011-06-16;1;1054475;1011092;1;1
1001401;2011-06-16;1;1054692;1011092;1;1
1001402;2011-06-21;1;1057411;1020337;1;1
1001403;2011-06-21;1;1165036;1020339;666;0
1001404;2011-06-21;1;1165049;1020339;1;1
1001405;2011-06-24;1;1117282;1020345;1;1
1001406;2011-06-28;1;1170394;1020346;1;1
1001407;2011-06-29;1;1094570;1020351;1;1
1001408;2011-06-29;1;1094599;1020351;1;1
1001409;2011-07-01;1;1050395;1020356;1;1
1001410;2011-07-01;1;1050396;1020356;1;1
1001411;2011-07-05;1;1028692;1020365;1;1
1001412;2011-07-05;1;1114778;1020364;1;1
1001413;2011-07-05;1;1121315;1020364;1;1
1001414;2011-07-08;1;1141339;1020404;1;1
1001415;2011-07-08;1;1094970;1020404;1;1
1001416;2011-07-08;1;1125229;1020405;1;1
1001417;2011-07-12;1;1167573;1020416;1;1
1001418;2011-07-12;1;1167471;1020416;1;1
1001419;2011-07-12;1;1163587;1020413;1;1
1001420;2011-07-13;1;1138579;1020421;1;1
1001421;2011-07-14;1;1148292;1020367;1;1
1001422;2011-07-14;1;1124322;1020423;1;1
1001424;2011-07-14;1;1120246;1020423;1;1
1001425;2011-07-14;1;1134276;1020423;1;1
1001427;2011-07-15;1;1174044;1020438;1;1
1001428;2011-07-15;1;1174039;1020430;1;1
1001429;2011-07-15;1;1174168;1020391;1;1
1001430;2011-07-15;1;1174169;1020375;1;1
1001431;2011-07-15;1;1174165;1020390;1;1
1001432;2011-07-15;1;1174171;1020329;1;1
1001433;2011-07-15;1;1174165;1020329;1;1
1001434;2011-07-15;1;1174041;1020393;1;1
1001435;2011-07-15;1;1174044;1020394;1;1
1001436;2011-07-15;1;1174044;1020431;1;1
1001437;2011-07-15;1;1174039;1020400;1;1
1001438;2011-07-15;1;1111397;1020436;1;1
1001439;2011-07-18;1;1020473;1020441;1;1
1001440;2011-07-20;1;1157895;1020445;1;1
1001441;2011-07-22;1;1174169;1020430;1;1
1001442;2011-07-22;1;1174227;1020399;1;1
1001443;2011-07-22;1;1048573;1020449;1;1
1001444;2011-07-22;1;1174219;1020398;1;1
1001445;2011-07-22;1;1048573;1020450;1;1
1001446;2011-07-22;1;1048573;1020451;1;1
1001447;2011-07-22;1;1094508;1020452;1;1
1001448;2011-07-22;1;1128781;1020453;1;1
1001449;2011-07-22;1;1174169;1020397;1;1
1001450;2011-07-22;1;1155937;1020446;1;1
1001451;2011-07-25;1;1170398;1020456;1;1
1001452;2011-07-26;1;1121484;1020462;1;1
1001453;2011-07-26;1;1135546;1020462;1;1
1001454;2011-07-26;1;1167551;1020465;1;1
1001455;2011-07-26;1;1096197;1020464;1;1
1001456;2011-07-29;1;1098702;1020473;1;1
1001457;2011-08-03;1;1170374;1020477;1;1
1001458;2011-08-04;1;1153668;1020479;1;1
1001459;2011-08-04;1;1153644;1020480;1;1
1001460;2011-08-04;1;1153668;1020480;1;1
1001461;2011-08-05;1;1048578;1020483;1;1
1001462;2011-08-05;1;1166156;1020488;1;1
1001463;2011-08-08;1;1137734;1020492;1;1
1001464;2011-08-09;1;1038806;1020500;1;1
1001465;2011-08-09;1;1038807;1020500;1;1
1001466;2011-08-09;1;1170378;1020502;1;1
1001468;2011-08-11;1;1020473;1020514;1;1
1001469;2011-08-12;1;1165205;1020516;1;1
1001470;2011-08-16;1;1048520;1020524;1;1
1001471;2011-08-16;1;1169410;1020523;1;1
1001472;2011-08-16;1;1025073;1020523;1;1
1001473;2011-08-16;1;1137377;1020520;1;1
1001474;2011-08-16;1;1169635;1020532;1;1
1001475;2011-08-16;1;1170394;1020529;1;1
1001476;2011-08-17;1;1149073;1020535;1;1
1001477;2011-08-17;1;1156401;1020535;1;1
1001478;2011-08-17;1;1137285;1020536;1;1
1001479;2011-08-17;1;1149073;1020536;1;1
1001480;2011-08-17;1;1063624;1020536;1;1
1001481;2011-08-17;1;1137285;1020537;1;1
1001482;2011-08-17;1;1149073;1020537;1;1
1001483;2011-08-17;1;1063624;1020537;1;1
1001484;2011-08-17;1;1117298;1020542;1;1
1001485;2011-08-17;1;1132326;1020547;1;1
1001486;2011-08-17;1;1002489;1020547;1;1
1001487;2011-08-23;1;1128821;1020559;1;1
1001488;2011-08-25;1;1001206;1020562;1;1
1001489;2011-08-25;1;1169630;1020564;1;1
1001490;2011-08-25;1;1169632;1020564;1;1
1001491;2011-08-25;1;1169637;1020564;1;1
1001492;2011-08-25;1;1176355;1000001;1;1
1001493;2011-08-26;1;1153644;1020567;1;1
1001494;2011-08-26;1;1153668;1020567;1;1
1001495;2011-08-30;1;1029806;1020570;1;1
1001496;2011-08-31;1;1167633;1020575;1;1
1001497;2011-08-31;1;1074836;1020579;1;1
1001498;2011-09-01;1;1145362;1020582;1;1
1001499;2011-09-01;1;1176997;1020584;1;1
1001500;2011-09-02;1;1167480;1020585;1;1
1001502;2011-09-02;1;1142290;1020585;1;1
1001503;2011-09-06;1;1064668;1020591;1;1
1001504;2011-09-08;1;1176061;1020625;1;1
1001505;2011-09-09;1;1052134;1020627;1;1
1001506;2011-09-09;1;1052136;1020627;1;1
1001507;2011-09-22;1;1070869;1020683;1;1
1001508;2011-09-26;1;1164223;1020744;1;1
1001509;2011-09-28;1;1165956;1020802;1;1
1001510;2011-10-05;1;1129088;1020814;1;1
1001511;2011-10-06;1;1121484;1020816;1;1
1001512;2011-10-07;1;1145686;1020820;1;1
1001513;2011-10-07;1;1145686;1020821;1;1
1001514;2011-10-07;1;1098381;1020819;1;1
1001515;2011-10-07;1;1091272;1020822;1;1
1001516;2011-10-07;1;1091279;1020822;1;1
1001517;2011-10-10;1;1144016;1020828;1;1
1001518;2011-10-10;1;1144017;1020828;1;1
1001519;2011-10-10;1;1163587;1020830;1;1
1001520;2011-10-11;1;1053201;1020836;1;1
1001521;2011-10-11;1;1020473;1020837;1;1
1001522;2011-10-13;1;1124498;1020844;1;1
1001523;2011-10-13;1;1103059;1020840;1;1
1001524;2011-10-13;1;1103060;1020840;1;1
1001525;2011-10-17;1;1169408;1020848;1;1
1001528;2011-10-18;1;1162356;1020849;1;1
1001529;2011-10-18;1;1176722;1020849;1;1
1001530;2011-10-20;1;1129088;1020853;1;1
1001531;2011-10-24;1;1115420;1020856;1;1
1001532;2011-10-24;1;1167677;1020858;1;1
1001533;2011-10-24;1;1027002;1020861;1;1
1001534;2011-10-24;1;1066762;1020865;1;1
1001535;2011-10-24;1;1174838;1020865;1;1
1001536;2011-10-24;1;1155584;1020864;1;1
1001537;2011-10-25;1;1048573;1020868;1;1
1001538;2011-10-25;1;1080762;1020871;1;1
1001539;2011-10-26;1;1094432;1020873;1;1
1001540;2011-10-26;1;1146387;1020876;1;1
1001541;2011-10-26;1;1131625;1020876;1;1
1001542;2011-10-26;1;1025828;1020878;1;1
1001543;2011-10-26;1;1095906;1020878;1;1
1001544;2011-10-26;1;1002964;1020880;1;1
1001545;2011-10-26;1;1142829;1020880;1;1
1001546;2011-10-27;1;1123103;1020883;1;1
1001547;2011-10-28;1;1177316;1020884;1;1
1001548;2011-10-31;1;1177104;1020887;1;1
1001549;2011-10-31;1;1177104;1020888;1;1
1001550;2011-10-31;1;1177104;1020889;1;1
1001551;2011-11-03;1;1162117;1020892;1;1
1001552;2011-11-04;1;1178027;1020853;1;1
1001553;2011-11-04;1;1177104;1020894;1;1
1001554;2011-11-04;1;1177104;1020895;1;1
1001555;2011-11-07;1;1177104;1020900;1;1
1001556;2011-11-07;1;1177104;1020902;1;1
1001557;2011-11-10;1;1129088;1020907;1;1
1001558;2011-11-10;1;1060978;1020906;1;1
1001559;2011-11-16;1;1177249;1020912;1;1
1001560;2011-11-16;1;1177103;1020912;1;1
1001561;2011-11-16;1;1003342;1020913;1;1
1001562;2011-11-16;1;1141631;1020913;1;1
1001563;2011-11-17;1;1110446;1020915;1;1
1001564;2011-11-17;1;1132328;1020916;1;1
1001565;2011-11-21;1;1131625;1020932;1;1
1001566;2011-11-21;1;1165846;1020932;1;1
1001567;2011-11-23;1;1109385;1020948;1;1
1001568;2011-11-24;1;1113615;1020951;1;1
1001569;2011-11-28;1;1131980;1020966;1;1
1001570;2011-11-28;1;1169404;1020966;1;1
1001571;2011-11-28;1;1167562;1020967;1;1
1001573;2011-11-30;1;1170395;1020988;1;1
1001574;2011-12-02;1;1175023;1020990;1;1
1001575;2011-12-02;1;1153668;1020991;1;1
1001576;2011-12-02;1;1153668;1020992;1;1
1001577;2011-12-05;1;1094570;1020993;1;1
1001578;2011-12-05;1;1002793;1020993;1;1
1001579;2011-12-05;1;1141962;1020993;1;1
1001580;2011-12-05;1;1094599;1020993;1;1
1001581;2011-12-05;1;1002945;1020993;1;1
1001582;2011-12-05;1;1141984;1020993;1;1
1001583;2011-12-05;1;1140769;1020993;1;1
1001584;2011-12-05;1;1140137;1020993;1;1
1001585;2011-12-05;1;1053201;1020994;1;1
1001586;2011-12-05;1;1175139;1020994;1;1
1001587;2011-12-05;1;1112752;1020994;1;1
1001588;2011-12-05;1;1153644;1020997;1;1
1001589;2011-12-05;1;1153668;1020997;1;1
1001590;2011-12-06;1;1169361;1021004;1;1
1001591;2011-12-06;1;1067484;1021004;1;1
1001592;2011-12-08;1;1146589;1021026;1;1
1001593;2011-12-09;1;1179227;1021039;1;1
1001594;2011-12-09;1;1179229;1021039;1;1
1001595;2011-12-09;1;1179230;1021039;1;1
1001596;2011-12-09;1;1179231;1021039;1;1
1001597;2011-12-09;1;1179235;1021040;1;1
1001598;2011-12-09;1;1179250;1021041;1;1
1001599;2011-12-09;1;1135928;1021042;1;1
1001600;2011-12-19;1;1020971;1021086;1;1
1001601;2011-12-19;1;1021011;1021086;1;1
1001602;2011-12-19;1;1170389;1021094;1;1
1001603;2011-12-20;1;1135540;1021098;1;1
1001604;2011-12-20;1;1135541;1021098;1;1
1001605;2011-12-21;1;1177246;1021110;1;1
1001606;2011-12-21;1;1177246;1021111;1;1
1001607;2011-12-21;1;1167537;1021113;1;1
1001608;2011-12-23;1;1170385;1021116;1;1
1001609;2011-12-23;1;1130654;1021117;1;1
1001610;2011-12-23;1;1130656;1021117;1;1
1001611;2011-12-23;1;1130658;1021117;1;1
1001612;2011-12-23;1;1130659;1021117;1;1
1001613;2011-12-23;1;1130654;1021118;1;1
1001614;2011-12-23;1;1130656;1021118;1;1
1001615;2011-12-23;1;1130658;1021118;1;1
1001616;2011-12-23;1;1130659;1021118;1;1
1001617;2012-01-03;1;1146493;1021120;1;1
1001618;2012-01-03;1;1146518;1021120;1;1
1001619;2012-01-03;1;1001150;1014380;1;1
1001620;2012-01-03;1;1027273;1021121;1;1
1001621;2012-01-03;1;1096205;1021124;1;1
1001622;2012-01-03;1;1096195;1021126;1;1
1001623;2012-01-03;1;1179230;1021128;1;1
1001624;2012-01-03;1;1179234;1021128;1;1
1001625;2012-01-03;1;1081886;1021130;1;1
1001626;2012-01-03;1;1005681;1021133;1;1
1001627;2012-01-09;1;1124865;1021148;1;1
1001628;2012-01-09;1;1164737;1021149;1;1
1001629;2012-01-10;1;1175170;1021153;1;1
1001630;2012-01-11;1;1172351;1021157;1;1
1001631;2012-01-12;1;1141736;1021159;1;1
1001632;2012-01-12;1;1177257;1021159;1;1
1001633;2012-01-12;1;1050388;1021160;1;1
1001634;2012-01-13;1;1129923;1021172;1;1
1001635;2012-01-13;1;1124958;1021172;1;1
1001636;2012-01-13;1;1169410;1021169;1;1
1001637;2012-01-13;1;1157972;1021168;1;1
1001638;2012-01-13;1;1155101;1021168;1;1
1001640;2012-01-16;1;1170335;1021174;1;1
1001641;2012-01-17;1;1171455;1021179;1;1
1001642;2012-01-17;1;1171485;1021179;1;1
1001643;2012-01-18;1;1170392;1021180;1;1
1001644;2012-01-18;1;1170394;1021181;1;1
1001645;2012-01-18;1;1125552;1021183;1;1
1001646;2012-01-18;1;1061265;1021183;1;1
1001647;2012-01-19;1;1170379;1021186;1;1
1001648;2012-01-26;1;1115420;1021217;1;1
1001649;2012-01-27;1;1128904;1021219;1;1
1001651;2012-02-02;1;1169405;1021222;1;1
1001652;2012-02-02;1;1171171;1021225;1;1
1001653;2012-02-03;1;1170398;1021229;1;1
1001654;2012-02-03;1;1170394;1021230;1;1
1001655;2012-02-07;1;1098378;1021240;1;1
1001656;2012-02-10;1;1129127;1021246;1;1
1001657;2012-02-10;1;1175170;1021246;1;1
1001658;2012-02-17;1;1048573;1021264;1;1
1001659;2012-02-21;1;1137388;1021271;1;1
1001660;2012-02-21;1;1051168;1021271;1;1
1001662;2012-02-22;1;1182169;1021273;1;1
1001663;2012-02-22;1;1182016;1021273;1;1
1001664;2012-02-24;1;1001159;1021290;1;1
1001665;2012-02-24;1;1065569;1021289;1;1
1001666;2012-02-27;1;1179931;1021292;1;1
1001667;2012-02-28;1;1185507;1002838;1;1
1001668;2012-02-28;1;1185508;1002838;1;1
1001669;2012-03-01;1;1174975;1021300;1;1
1001670;2012-03-01;1;1174979;1021300;1;1
1001671;2012-03-01;1;1174988;1021300;1;1
1001672;2012-03-01;1;1167480;1021302;1;1
1001673;2012-03-01;1;1142290;1021302;1;1
1001674;2012-03-02;1;1169635;1021306;1;1
1001675;2012-03-07;1;1135907;1021320;1;1
1001676;2012-03-08;1;1062013;1021322;1;1
1001677;2012-03-08;1;1182912;1021323;1;1
1001678;2012-03-08;1;1157943;1021323;1;1
1001679;2012-03-09;1;1182578;1021327;1;1
1001680;2012-03-09;1;1131653;1021327;1;1
1001681;2012-03-09;1;1131654;1021327;1;1
1001682;2012-03-09;1;1129012;1021327;1;1
1001683;2012-03-09;1;1086227;1021330;1;1
1001684;2012-03-14;1;1048573;1021338;1;1
1001685;2012-03-14;1;1182984;1021339;1;1
1001686;2012-03-14;1;1182985;1021339;1;1
1001687;2012-03-14;1;1182972;1021339;1;1
1001688;2012-03-14;1;1182973;1021339;1;1
1001689;2012-03-16;1;1113081;1021352;1;1
1001690;2012-03-22;1;1184227;1021370;1;1
1001691;2012-03-22;1;1184228;1021370;1;1
1001692;2012-03-22;1;1184230;1021370;1;1
1001693;2012-03-27;1;1091272;1021380;1;1
1001694;2012-03-27;1;1091279;1021380;1;1
1001695;2012-03-29;1;1124865;1021381;1;1
1001696;2012-04-05;1;1182780;1021434;1;1
1001701;2012-04-17;1;1001150;1021468;1;1
1001702;2012-04-17;1;1014225;1021467;1;1
1001704;2012-04-19;1;1115491;1021376;1;1
1001705;2012-04-24;1;1180894;1021504;1;1
1001706;2012-04-24;1;1180550;1021506;1;1
1001707;2012-04-24;1;1180558;1021506;1;1
1001708;2012-04-27;1;1165725;1021587;1;1
1001709;2012-04-30;1;1176071;1021620;1;1
1001710;2012-04-30;1;1120634;1021620;1;1
1001711;2012-05-02;1;1169361;1021653;1;1
1001712;2012-05-02;1;1181079;1021653;1;1
1001713;2012-05-03;1;1050397;1021677;1;1
1001714;2012-05-03;1;1156307;1021677;1;1
1001715;2012-05-04;1;1025938;1006221;666;4
1001716;2012-05-04;1;1030422;1021272;1;1
1001717;2012-05-04;1;1150451;1021303;1;1
1001718;2012-05-07;1;1173606;1000929;1;1
1001719;2012-05-10;1;1003968;1021713;1;1
1001720;2012-05-10;1;1157856;1021713;1;1
1001721;2012-05-10;1;1182907;1021713;1;1
1001722;2012-05-10;1;1124865;1021714;1;1
1001723;2012-05-10;1;1189708;1021714;1;1
1001724;2012-05-11;1;1065209;1021731;1;1
1001725;2012-05-11;1;1166825;1021727;1;1
1001726;2012-05-11;1;1068007;1021727;1;1
1001727;2012-05-14;1;1168645;1021732;1;1
1001728;2012-05-15;1;1176129;1021734;1;1
1001729;2012-05-16;1;1062013;1021738;1;1
1001730;2012-05-16;1;1156296;1021736;1;1
1001731;2012-05-16;1;1002964;1021743;1;1
1001732;2012-05-16;1;1142829;1021743;1;1
1001733;2012-05-21;1;1064620;1021745;1;1
1001734;2012-05-21;1;1191009;1021746;1;1
1001736;2012-05-22;1;1140028;1021750;1;1
1001737;2012-05-31;1;1177379;1021766;1;1
1001738;2012-06-01;1;1155584;1021785;1;1
1001739;2012-06-01;1;1155584;1021786;1;1
1001740;2012-06-01;1;1155584;1021787;1;1
1001741;2012-06-01;1;1155584;1021788;1;1
1001742;2012-06-01;1;1155584;1021789;1;1
1001743;2012-06-04;1;1155647;1021791;1;1
1001744;2012-06-06;1;1183625;1021795;1;1
1001745;2012-06-06;1;1183627;1021796;1;1
1001746;2012-06-07;1;1176279;1021798;1;1
1001747;2012-06-11;1;1169406;1021807;1;1
1001748;2012-06-11;1;1124865;1021808;1;1
1001749;2012-06-11;1;1189706;1021808;1;1
1001750;2012-06-12;1;1192319;1000866;1;1
1001751;2012-06-12;1;1177379;1021812;1;1
1001752;2012-06-13;1;1187515;1021820;1;1
1001753;2012-06-13;1;1187516;1021820;1;1
1001754;2012-06-14;1;1176267;1021824;1;1
1001756;2012-06-18;1;1176202;1021835;1;1
1001757;2012-06-18;1;1176226;1021835;1;1
1001758;2012-06-18;1;1176334;1021835;1;1
1001759;2012-06-18;1;1187516;1021836;1;1
1001760;2012-06-20;1;1177379;1021859;1;1
1001761;2012-06-25;1;1164639;1021872;1;1
1001762;2012-06-26;1;1192691;1021875;1;1
1001763;2012-06-26;1;1192959;1021875;1;1
1001764;2012-06-26;1;1192962;1021876;1;1
1001765;2012-06-26;1;1192963;1021876;1;1
1001766;2012-06-26;1;1192968;1021876;1;1
1001767;2012-07-02;1;1176171;1021883;1;1
1001768;2012-07-02;1;1176196;1021883;1;1
1001769;2012-07-02;1;1192697;1021884;1;1
1001770;2012-07-02;1;1188992;1021886;1;1
1001771;2012-07-02;1;1188993;1021886;1;1
1001772;2012-07-02;1;1188995;1021886;1;1
1001773;2012-07-02;1;1188997;1021886;1;1
1001774;2012-07-05;1;1193954;1013540;1;1
1001775;2012-07-06;1;1176127;1021905;1;1
1001776;2012-07-09;1;1193491;1021908;1;1
1001778;2012-07-12;1;1189269;1021923;1;1
1001779;2012-07-12;1;1142389;1021922;1;1
1001780;2012-07-13;1;1094570;1021909;1;1
1001781;2012-07-13;1;1094599;1021909;1;1
1001782;2012-07-13;1;1140137;1021909;1;1
1001783;2012-07-13;1;1140769;1021909;1;1
1001784;2012-07-13;1;1095037;1021909;1;1
1001785;2012-07-13;1;1113541;1021909;1;1
1001786;2012-07-16;1;1135418;1021929;1;1
1001787;2012-07-16;1;1135421;1021929;1;1
1001788;2012-07-16;1;1135423;1021929;1;1
1001789;2012-07-16;1;1062013;1021910;1;1
1001790;2012-07-16;1;1189713;1021931;1;1
1001791;2012-07-17;1;1174973;1021936;1;1
1001792;2012-07-17;1;1175006;1021937;1;1
1001793;2012-07-17;1;1193179;1021942;1;1
1001794;2012-07-19;1;1177238;1021949;1;1
1001795;2012-07-19;1;1131777;1021950;1;1
1001796;2012-07-23;1;1176196;1021964;1;1
1001797;2012-07-23;1;1176222;1021964;1;1
1001798;2012-07-27;1;1176133;1021984;1;1
1001799;2012-07-30;1;1185789;1021989;1;1
1001800;2012-07-30;1;1185790;1021989;1;1
1001801;2012-07-30;1;1185799;1021989;1;1
1001802;2012-08-01;1;1177237;1021995;1;1
1001803;2012-08-02;1;1176231;1021997;1;1
1001804;2012-08-03;1;1195507;1022005;1;1
1001805;2012-08-03;1;1177214;1022003;1;1
1001806;2012-08-07;1;1107540;1022021;1;1
1001807;2012-08-07;1;1155584;1022025;1;1
1001808;2012-08-08;1;1165205;1022044;1;1
1001809;2012-08-10;1;1129825;1022059;1;1
1001810;2012-08-10;1;1176079;1022061;1;1
1001811;2012-08-10;1;1164742;1022063;1;1
1001812;2012-08-13;1;1189137;1022066;1;1
1001813;2012-08-13;1;1185317;1022070;1;1
1001814;2012-08-13;1;1185366;1022070;1;1
1001815;2012-08-13;1;1182783;1022071;1;1
1001816;2012-08-13;1;1157742;1022072;1;1
1001817;2012-08-17;1;1196081;1022094;1;1
1001818;2012-08-23;1;1031122;1022146;1;1
1001819;2012-08-23;1;1182981;1022145;1;1
1001820;2012-08-23;1;1182969;1022145;1;1
1001821;2012-08-23;1;1186344;1022147;1;1
1001822;2012-08-23;1;1054967;1022147;1;1
1001823;2012-08-27;1;1184228;1022149;1;1
1001824;2012-08-27;1;1184231;1022149;1;1
1001825;2012-08-28;1;1199163;1011072;1;1
1001826;2012-08-29;1;1195980;1022154;1;1
1001827;2012-09-04;1;1189188;1022023;1;1
1001829;2012-09-05;1;1176264;1022203;1;1
1001830;2012-09-06;1;1171168;1022220;1;1
1001831;2012-09-06;1;1171168;1022221;1;1
1001832;2012-09-06;1;1146398;1022228;1;1
1001833;2012-09-07;1;1162326;1022231;1;1
1001834;2012-09-19;1;1176247;1022273;1;1
1001835;2012-09-19;1;1176262;1022273;1;1
1001836;2012-09-24;1;1186930;1022283;1;1
1001837;2012-10-10;1;1174956;1022356;1;1
1001838;2012-10-10;1;1195731;1022356;1;1
1001839;2012-10-10;1;1199826;1022361;1;1
1001840;2012-10-10;1;1199834;1022361;1;1
1001841;2012-10-10;1;1193797;1022362;1;1
1001842;2012-10-10;1;1201910;1022362;1;1
1001843;2012-10-10;1;1192691;1022355;1;1
1001844;2012-10-12;1;1054967;1022373;1;1
1001845;2012-10-16;1;1177379;1022384;1;1
1001846;2012-10-17;1;1190497;1022388;1;1
1001847;2012-10-17;1;1190499;1022388;1;1
1001848;2012-10-17;1;1025532;1022389;1;1
1001849;2012-10-19;1;1171168;1022405;1;1
1001850;2012-10-19;1;1190504;1022407;1;1
1001851;2012-10-19;1;1190508;1022407;1;1
1001852;2012-10-19;1;1190514;1022407;1;1
1001853;2012-10-23;1;1124498;1022411;1;1
1001854;2012-10-24;1;1177104;1022413;1;1
1001855;2012-10-24;1;1191275;1022415;1;1
1001856;2012-10-24;1;1191276;1022415;1;1
1001857;2012-10-26;1;1190499;1022421;1;1
1001858;2012-10-26;1;1190501;1022421;1;1
1001859;2012-10-26;1;1197100;1022423;1;1
1001860;2012-10-29;1;1137388;1022426;1;1
1001861;2012-10-30;1;1195727;1022429;1;1
1001862;2012-10-30;1;1191498;1022431;1;1
1001863;2012-10-30;1;1119738;1022432;1;1
1001864;2012-10-30;1;1125157;1022432;1;1
1001865;2012-10-30;1;1110507;1022433;1;1
1001866;2012-11-07;1;1040795;1022443;1;1
1001867;2012-11-07;1;1040797;1022443;1;1
1001868;2012-11-08;1;1029312;1022450;1;1
1001869;2012-11-08;1;1132328;1022451;1;1
1001870;2012-11-13;1;1150445;1022459;1;1
1001871;2012-11-14;1;1175620;1022460;1;1
1001872;2012-11-14;1;1187888;1022460;1;1
1001873;2012-11-14;1;1175620;1022461;1;1
1001874;2012-11-14;1;1187888;1022461;1;1
1001875;2012-11-19;1;1042058;1022469;1;1
1001876;2012-11-20;1;1081904;1022470;1;1
1001877;2012-11-22;1;1195816;1022480;1;1
1001878;2012-11-23;1;1025798;1022482;1;1
1001879;2012-11-27;1;1195331;1022489;1;1
1001880;2012-11-27;1;1195333;1022489;1;1
1001881;2012-11-27;1;1187250;1022490;1;1
1001882;2012-11-27;1;1197100;1022491;1;1
1001883;2012-11-27;1;1167647;1022493;1;1
1001884;2012-11-27;1;1167647;1022494;1;1
1001885;2012-11-27;1;1167647;1022495;1;1
1001886;2012-11-27;1;1076700;1022492;1;1
1001887;2012-11-27;1;1035553;1022492;1;1
1001889;2012-11-30;1;1167647;1022506;1;1
1001890;2012-11-30;1;1171167;1022506;1;1
1001891;2012-12-06;1;1050367;1022517;1;1
1001892;2012-12-06;1;1167647;1022519;1;1
1001893;2012-12-10;1;1151635;1022525;1;1
1001894;2012-12-11;1;1057411;1022526;1;1
1001895;2012-12-11;1;1197243;1022526;1;1
1001896;2012-12-12;1;1189488;1022528;1;1
1001897;2012-12-12;1;1203645;1022529;1;1
1001898;2012-12-14;1;1026934;1022537;1;1
1001899;2012-12-19;1;1205525;1022547;1;1
1001900;2012-12-19;1;1027273;1022550;1;1
1001901;2012-12-19;1;1198528;1022554;1;1
1001902;2012-12-19;1;1035553;1022555;1;1
1001904;2013-01-03;1;1205525;1022584;1;1
1001905;2013-01-03;1;1001150;1022574;1;1
1001906;2013-01-04;1;1207330;1018523;1;1
1001907;2013-01-04;1;1207330;1018523;3;7
1001908;2013-01-04;1;1207331;1022397;3;7
1001909;2013-01-04;1;1130524;1022593;1;1
1001910;2013-01-04;1;1152867;1022595;1;1
1001911;2013-01-04;1;1129107;1022596;1;1
1001912;2013-01-07;1;1195502;1022600;1;1
1001913;2013-01-07;1;1195498;1022603;1;1
1001914;2013-01-07;1;1195499;1022603;1;1
1001915;2013-01-07;1;1180894;1022598;1;1
1001916;2013-01-07;1;1195816;1022599;1;1
1001917;2013-01-08;1;1129095;1022607;1;1
1001918;2013-01-08;1;1129107;1022604;1;1
1001919;2013-01-08;1;1051155;1022604;1;1
1001920;2013-01-08;1;1085822;1022606;1;1
1001921;2013-01-08;1;1108053;1022606;1;1
1001922;2013-01-09;1;1069813;1022610;1;1
1001923;2013-01-09;1;1110413;1022613;1;1
1001924;2013-01-10;1;1201228;1022616;1;1
1001925;2013-01-15;1;1169361;1022627;1;1
1001926;2013-01-15;1;1184230;1022621;1;1
1001927;2013-01-17;1;1069813;1022633;1;1
1001928;2013-01-22;1;1205728;1022639;1;1
1001929;2013-01-22;1;1119831;1022640;1;1
1001930;2013-01-22;1;1197120;1022641;1;1
1001931;2013-01-22;1;1197129;1022641;1;1
1001932;2013-01-22;1;1196716;1022641;1;1
1001933;2013-01-22;1;1196719;1022641;1;1
1001934;2013-01-22;1;1198609;1022641;1;1
1001935;2013-01-22;1;1198613;1022641;1;1
1001936;2013-01-22;1;1174956;1022642;1;1
1001937;2013-01-22;1;1205509;1022642;1;1
1001938;2013-01-22;1;1206446;1022643;1;1
1001939;2013-01-22;1;1206447;1022643;1;1
1001940;2013-01-22;1;1206453;1022643;1;1
1001941;2013-01-22;1;1194231;1022644;1;1
1001942;2013-01-22;1;1050397;1022644;1;1
1001943;2013-01-22;1;1187816;1022645;1;1
1001944;2013-01-29;1;1129829;1022655;1;1
1001945;2013-01-23;1;1124865;1022654;1;1
1001946;2013-01-23;1;1201685;1022650;1;1
1001947;2013-01-23;1;1197243;1022648;1;1
1001948;2013-01-23;1;1197245;1022648;1;1
1001949;2013-01-23;1;1197247;1022648;1;1
1001950;2013-01-23;1;1197248;1022648;1;1
1001951;2013-01-23;1;1074820;1022658;1;1
1001952;2013-01-23;1;1074820;1022657;1;1
1001953;2013-01-23;1;1074820;1022656;1;1
1001954;2013-01-25;1;1205722;1022672;1;1
1001956;2013-01-28;1;1204171;1022682;1;1
1001957;2013-01-28;1;1180894;1022684;1;1
1001958;2013-01-28;1;1209135;1022685;1;1
1001959;2013-01-28;1;1191685;1022686;1;1
1001960;2013-01-29;1;1207654;1022690;1;1
1001961;2013-01-30;1;1196195;1022691;1;1
1001962;2013-01-30;1;1196196;1022691;1;1
1001963;2013-01-30;1;1208926;1022693;1;1
1001964;2013-02-04;1;1203515;1022700;1;1
1001965;2013-02-04;1;1171455;1022702;1;1
1001966;2013-02-04;1;1171485;1022702;1;1
1001967;2013-02-05;1;1197103;1022703;1;1
1001968;2013-02-05;1;1062114;1022703;1;1
1001969;2013-02-05;1;1196699;1022703;1;1
