RecID;MStamp;MStation;IDDocument;BSDatum;Commentaar
1000001;1900-01-02;1;1000013;1994-05-12;
1000002;1900-01-02;1;1000017;1993-02-05;
1000003;1900-01-02;1;1000034;1982-03-13;
1000004;1900-01-02;1;1000045;1994-04-27;
1000005;1900-01-02;1;1000059;1993-08-25;"p. 18685"
1000006;1900-01-02;1;1000059;1995-12-08;
1000007;1900-01-02;1;1000087;1994-04-13;
1000008;1900-01-02;1;1000116;1991-06-21;"
"
1000009;1900-01-02;1;1000116;1991-07-16;
1000010;1900-01-02;1;1000121;1981-10-10;
1000011;1900-01-02;1;1000135;1994-09-10;
1000012;1900-01-02;1;1000147;1993-04-07;
1000013;1900-01-02;1;1000149;1994-10-22;"p. 26743
"
1000014;1900-01-02;1;1000154;1994-09-17;"p. 23658"
1000015;1900-01-02;1;1000158;2000-06-29;"p. 22871"
1000016;1900-01-02;1;1000171;1992-11-10;
1000017;1900-01-02;1;1000178;1994-07-26;
1000018;1900-01-02;1;1000182;1995-02-15;
1000019;1900-01-02;1;1000183;1992-02-13;
1000020;1900-01-02;1;1000238;1991-02-15;
1000021;1900-01-02;1;1000254;1975-04-11;"p. 4343"
1000022;1900-01-02;1;1000263;1994-11-08;"p. 27601"
1000023;1900-01-02;1;1000282;1979-01-10;
1000024;1900-01-02;1;1000290;1994-10-14;"p. 26114
"
1000025;1900-01-02;1;1000291;1994-09-30;
1000026;1900-01-02;1;1000299;1993-04-06;
1000027;1900-01-02;1;1000385;1979-06-29;
1000028;1900-01-02;1;1000387;1992-01-04;
1000029;1900-01-02;1;1000388;1992-01-04;
1000030;1900-01-02;1;1000390;1994-09-17;"p. 23658"
1000031;1900-01-02;1;1000392;1991-10-03;
1000032;1900-01-02;1;1000406;1994-02-25;
1000033;1900-01-02;1;1000411;1994-10-27;"p. 26979"
1000034;1900-01-02;1;1000504;1979-05-09;
1000035;1900-01-02;1;1000517;1992-05-19;
1000036;1900-01-02;1;1000560;1975-01-01;"p. 14"
1000037;1900-01-02;1;1000566;1994-02-16;
1000038;1900-01-02;1;1000609;1983-10-07;
1000039;1900-01-02;1;1000611;1994-09-27;"p. 24437"
1000040;1900-01-02;1;1000612;1989-03-15;
1000041;1900-01-02;1;1000612;1991-02-07;
1000042;1900-01-02;1;1000613;1994-09-30;
1000043;1900-01-02;1;1000662;1994-01-13;"p. 703
"
1000044;1900-01-02;1;1000669;1991-09-17;
1000045;1900-01-02;1;1000689;1990-06-20;
1000046;1900-01-02;1;1000696;1991-04-25;
1000047;1900-01-02;1;1000700;1992-08-05;
1000048;1900-01-02;1;1000715;1991-08-22;
1000049;1900-01-02;1;1000724;1993-12-21;"p. 28207"
1000050;1900-01-02;1;1000730;1995-02-07;
1000051;1900-01-02;1;1000735;1995-08-17;
1000052;1900-01-02;1;1000846;1994-10-01;
1000053;1900-01-02;1;1000864;1995-02-07;
1000054;1900-01-02;1;1000866;1990-09-11;"p. 17372"
1000055;1900-01-02;1;1000867;1994-11-19;"p. 28740"
1000056;1900-01-02;1;1000929;1992-11-10;
1000057;1900-01-02;1;1000939;1992-10-27;"

"
1000058;1900-01-02;1;1000939;1993-10-14;"p. 22577
"
1000059;1900-01-02;1;1000940;1993-07-08;"p. 16173"
1000060;1900-01-02;1;1000940;1993-10-14;"p. 22578"
1000061;1900-01-02;1;1000942;1993-10-12;"p. 22358"
1000062;1900-01-02;1;1000958;1993-10-02;"p. 21735"
1000063;1900-01-02;1;1000972;1993-02-17;
1000064;1900-01-02;1;1000993;1993-09-11;
1000065;1900-01-02;1;1001003;1993-09-08;"p. 19873"
1000066;1900-01-02;1;1001044;1993-08-26;"p. 18800"
1000067;1900-01-02;1;1001055;1985-04-18;
1000068;1900-01-02;1;1001091;1989-07-28;
1000069;1900-01-02;1;1001144;1990-05-29;"p. 10979"
1000070;1900-01-02;1;1001156;1993-07-08;"p. 16172"
1000071;1900-01-02;1;1001157;1993-07-08;"p. 16172"
1000072;1900-01-02;1;1001158;1993-07-08;"p. 16173"
1000073;1900-01-02;1;1001159;1993-07-08;"p. 16174
"
1000074;1900-01-02;1;1001160;1993-07-08;"p. 16174"
1000075;1900-01-02;1;1001161;1993-07-08;"p. 16175"
1000076;1900-01-02;1;1001165;1994-12-03;
1000077;1900-01-02;1;1001166;1994-12-16;
1000078;1900-01-02;1;1001179;1995-01-05;
1000079;1900-01-02;1;1001180;1985-12-12;"p. 18274"
1000080;1900-01-02;1;1001207;1995-01-05;
1000081;1900-01-02;1;1001225;1990-06-09;
1000082;1900-01-02;1;1001227;1992-12-17;
1000083;1900-01-02;1;1001249;1991-03-23;
1000084;1900-01-02;1;1001257;1975-10-09;
1000085;1900-01-02;1;1001263;1993-06-22;
1000086;1900-01-02;1;1001310;1998-06-03;
1000087;1900-01-02;1;1001411;1995-02-07;
1000088;1900-01-02;1;1001425;1991-03-12;
1000089;1900-01-02;1;1001534;1991-12-10;
1000090;1900-01-02;1;1001538;1977-01-14;
1000091;1900-01-02;1;1001575;1993-01-23;
1000092;1900-01-02;1;1001585;1993-01-13;
1000093;1900-01-02;1;1001589;1995-03-04;
1000094;1900-01-02;1;1001602;1995-10-04;
1000095;1900-01-02;1;1001644;1992-12-17;
1000096;1900-01-02;1;1001652;1982-08-13;"p. 9298"
1000097;1900-01-02;1;1001653;1982-08-13;"p. 9298"
1000098;1900-01-02;1;1001654;1982-08-13;"p. 9299"
1000099;1900-01-02;1;1001655;1982-08-13;"p. 9299"
1000100;1900-01-02;1;1001656;1982-08-13;"p. 9300"
1000101;1900-01-02;1;1001657;1982-08-13;"p. 9298"
1000102;1900-01-02;1;1001664;1977-09-03;
1000103;1900-01-02;1;1001670;1980-02-21;"p. 2296"
1000104;1900-01-02;1;1001725;1991-05-08;
1000105;1900-01-02;1;1001761;1992-09-05;
1000106;1900-01-02;1;1001767;1995-10-04;
1000107;1900-01-02;1;1001767;1995-10-14;
1000108;1900-01-02;1;1001818;1992-08-27;
1000109;1900-01-02;1;1001833;1995-02-09;
1000110;1900-01-02;1;1001874;1991-04-10;
1000111;1900-01-02;1;1001881;1990-06-20;
1000112;1900-01-02;1;1001887;1992-07-02;
1000113;1900-01-02;1;1001902;1992-06-13;
1000114;1900-01-02;1;1001913;1995-10-13;
1000115;1900-01-02;1;1001930;1992-06-20;
1000116;1900-01-02;1;1001931;1989-10-03;
1000117;1900-01-02;1;1002004;1992-04-17;
1000118;1900-01-02;1;1002022;1990-09-12;"p. 17412"
1000119;1900-01-02;1;1002023;1995-10-13;
1000120;1900-01-02;1;1002023;1996-04-12;
1000121;1900-01-02;1;1002028;1987-04-24;
1000122;1900-01-02;1;1002051;1992-04-02;
1000123;1900-01-02;1;1002052;1992-04-02;
1000124;1900-01-02;1;1002060;1991-05-08;
1000125;1900-01-02;1;1002065;1991-10-18;
1000126;1900-01-02;1;1002115;1979-09-12;"p. 10035"
1000127;1900-01-02;1;1002205;1995-08-17;
1000128;1900-01-02;1;1002241;1988-11-09;
1000129;1900-01-02;1;1002285;1992-01-16;
1000130;1900-01-02;1;1002290;1982-08-07;
1000131;1900-01-02;1;1002305;1982-08-13;"p. 9297"
1000132;1900-01-02;1;1002330;1973-06-15;"p. 7399"
1000133;1900-01-02;1;1002341;1995-10-03;
1000134;1900-01-02;1;1002424;1977-03-31;p.4085
1000135;1900-01-02;1;1002475;1980-08-09;
1000136;1900-01-02;1;1002548;1990-06-09;
1000137;1900-01-02;1;1002569;1989-07-28;
1000138;1900-01-02;1;1002600;1990-06-14;
1000139;1900-01-02;1;1002636;1990-06-20;
1000140;1900-01-02;1;1002687;1971-09-24;"p. 11045"
1000141;1900-01-02;1;1002715;1995-10-31;
1000142;1900-01-02;1;1002722;1987-04-25;
1000143;1900-01-02;1;1002785;1991-06-22;
1000144;1900-01-02;1;1002786;1991-06-22;
1000145;1900-01-02;1;1002788;1990-06-23;12796
1000146;1900-01-02;1;1002818;1991-06-07;
1000147;1900-01-02;1;1002829;1973-10-06;"p. 11428"
1000148;1900-01-02;1;1002851;1989-02-10;
1000149;1900-01-02;1;1002917;1990-02-15;
1000150;1900-01-02;1;1002956;1988-01-19;"p. 656
"
1000151;1900-01-02;1;1002959;1991-05-04;
1000152;1900-01-02;1;1002971;1995-10-27;
1000153;1900-01-02;1;1002990;1991-04-25;
1000154;1900-01-02;1;1002991;1991-04-25;
1000155;1900-01-02;1;1002992;1991-04-25;
1000156;1900-01-02;1;1003003;1991-04-19;
1000157;1900-01-02;1;1003018;1991-04-10;
1000158;1900-01-02;1;1003030;1991-05-08;
1000159;1900-01-02;1;1003041;1988-10-04;
1000160;1900-01-02;1;1003047;1990-08-28;"p. 16480"
1000161;1900-01-02;1;1003079;1991-04-19;
1000162;1900-01-02;1;1003086;1988-03-16;
1000163;1900-01-02;1;1003088;1991-03-12;
1000164;1900-01-02;1;1003110;1988-06-25;
1000165;1900-01-02;1;1003115;1989-12-23;
1000166;1900-01-02;1;1003140;1991-02-20;
1000167;1900-01-02;1;1003205;1990-12-28;"p. 24 374"
1000168;1900-01-02;1;1003215;1991-01-08;"p. 273
"
1000169;1900-01-02;1;1003229;1990-04-21;
1000170;1900-01-02;1;1003243;1990-12-15;"p. 23 197"
1000171;1900-01-02;1;1003287;1990-11-27;"p. 22146"
1000172;1900-01-02;1;1003305;1990-11-09;"p. 21285"
1000173;1900-01-02;1;1003349;1990-10-03;"p. 18840"
1000174;1900-01-02;1;1003372;1990-09-14;"p. 17682"
1000175;1900-01-02;1;1003376;1990-09-13;"p. 17497"
1000176;1900-01-02;1;1003377;1990-09-13;"p. 17498"
1000178;1900-01-02;1;1003390;1989-02-15;
1000179;1900-01-02;1;1003403;1989-02-10;
1000180;1900-01-02;1;1003404;1990-03-23;"p. 5372"
1000181;1900-01-02;1;1003413;1990-08-28;"p. 16481"
1000182;1900-01-02;1;1003414;1990-08-28;"p. 16481"
1000183;1900-01-02;1;1003415;1990-08-28;"p. 16482"
1000184;1900-01-02;1;1003433;1988-11-26;"p. 16.408
"
1000185;1900-01-02;1;1003481;1984-01-27;"p. 1246"
1000186;1900-01-02;1;1003531;1981-05-12;
1000187;1900-01-02;1;1003574;1990-05-12;"p. 9553"
1000188;1900-01-02;1;1003606;1990-04-21;
1000189;1900-01-02;1;1003627;1988-07-09;
1000190;1900-01-02;1;1003645;1990-03-27;"p. 5724"
1000191;1900-01-02;1;1003663;1990-03-02;
1000192;1900-01-02;1;1003737;1990-01-04;"p. 56"
1000193;1900-01-02;1;1003756;1995-11-15;
1000194;1900-01-02;1;1003768;1995-08-10;
1000195;1900-01-02;1;1003768;1995-11-15;
1000196;1900-01-02;1;1003787;1995-10-14;
1000197;1900-01-02;1;1003788;1995-11-15;
1000198;1900-01-02;1;1003819;1986-06-18;
1000199;1900-01-02;1;1003851;1988-01-09;
1000200;1900-01-02;1;1003910;1995-11-29;
1000201;1900-01-02;1;1003942;1976-11-26;
1000202;1900-01-02;1;1003985;1995-11-14;
1000203;1900-01-02;1;1003999;1996-03-13;
1000204;1900-01-02;1;1004017;1995-11-24;
1000205;1900-01-02;1;1004066;1995-11-01;
1000206;1900-01-02;1;1004097;1996-02-08;
1000207;1900-01-02;1;1004131;1996-03-13;
1000208;1900-01-02;1;1004150;1996-04-12;
1000209;1900-01-02;1;1004156;1997-05-13;
1000210;1900-01-02;1;1004191;1989-12-23;
1000211;1900-01-02;1;1004224;1989-11-01;
1000212;1900-01-02;1;1004243;1990-01-31;
1000213;1900-01-02;1;1004311;1996-02-20;
1000214;1900-01-02;1;1004358;1986-01-07;
1000215;1900-01-02;1;1004358;1987-05-08;
1000216;1900-01-02;1;1004389;1989-06-06;
1000217;1900-01-02;1;1004407;1989-05-31;
1000218;1900-01-02;1;1004438;1989-04-01;
1000219;1900-01-02;1;1004439;1989-04-01;
1000220;1900-01-02;1;1004452;1988-11-10;
1000221;1900-01-02;1;1004495;1989-01-27;
1000222;1900-01-02;1;1004562;1996-05-24;
1000223;1900-01-02;1;1004578;1996-06-04;
1000224;1900-01-02;1;1004598;1996-06-04;
1000225;1900-01-02;1;1004634;1979-08-21;"p. 9129
"
1000226;1900-01-02;1;1004738;1996-10-24;
1000227;1900-01-02;1;1004771;1996-11-22;
1000228;1900-01-02;1;1004794;1996-11-28;
1000229;1900-01-02;1;1004807;1996-10-26;
1000230;1900-01-02;1;1004846;1988-12-16;
1000231;1900-01-02;1;1004896;1988-11-11;
1000232;1900-01-02;1;1004905;1988-11-09;
1000233;1900-01-02;1;1004906;1988-11-09;
1000234;1900-01-02;1;1004907;1988-11-09;
1000235;1900-01-02;1;1004908;1988-11-09;
1000236;1900-01-02;1;1004930;1997-01-18;
1000237;1900-01-02;1;1004987;1988-08-20;
1000238;1900-01-02;1;1005012;1988-07-09;
1000239;1900-01-02;1;1005046;1997-03-19;
1000240;1900-01-02;1;1005075;1997-02-11;
1000241;1900-01-02;1;1005100;1997-02-04;
1000242;1900-01-02;1;1005152;1985-03-15;
1000243;1900-01-02;1;1005152;1985-04-16;
1000244;1900-01-02;1;1005180;1988-03-19;
1000245;1900-01-02;1;1005195;1975-04-30;"p. 5418"
1000246;1900-01-02;1;1005196;1982-11-09;"p. 13077"
1000247;1900-01-02;1;1005205;1976-01-01;"p. 20"
1000248;1900-01-02;1;1005214;1977-01-27;
1000249;1900-01-02;1;1005221;1979-01-10;
1000250;1900-01-02;1;1005226;1983-04-29;
1000251;1900-01-02;1;1005228;1997-04-05;
1000252;1900-01-02;1;1005234;1983-02-10;
1000253;1900-01-02;1;1005270;1981-06-16;
1000254;1900-01-02;1;1005319;1997-04-08;
1000255;1900-01-02;1;1005320;1997-04-05;
1000256;1900-01-02;1;1005333;1997-04-26;
1000257;1900-01-02;1;1005339;1997-04-26;
1000258;1900-01-02;1;1005340;1997-04-26;
1000259;1900-01-02;1;1005341;1997-04-26;
1000260;1900-01-02;1;1005375;1998-01-23;
1000261;1900-01-02;1;1005398;1997-05-17;
1000262;1900-01-02;1;1005431;1997-07-04;
1000263;1900-01-02;1;1005502;1978-10-11;
1000264;1900-01-02;1;1005518;1997-09-06;"p. 23.164"
1000265;1900-01-02;1;1005546;1998-04-17;
1000266;1900-01-02;1;1005593;1987-11-28;
1000267;1900-01-02;1;1005594;1987-11-26;
1000268;1900-01-02;1;1005595;1987-11-25;
1000269;1900-01-02;1;1005602;1987-11-18;
1000270;1900-01-02;1;1005690;1987-09-10;
1000271;1900-01-02;1;1005709;1987-11-25;
1000272;1900-01-02;1;1005715;1987-08-06;
1000273;1900-01-02;1;1005756;1987-06-12;
1000274;1900-01-02;1;1005800;1987-01-22;
1000275;1900-01-02;1;1005806;1998-02-07;
1000276;1900-01-02;1;1005812;1985-08-15;"p. 11798"
1000277;1900-01-02;1;1005815;1987-03-24;
1000278;1900-01-02;1;1005835;1987-03-05;
1000279;1900-01-02;1;1005839;1987-07-07;
1000280;1900-01-02;1;1005840;1987-07-07;
1000281;1900-01-02;1;1005841;1987-07-07;
1000282;1900-01-02;1;1005842;1987-07-07;
1000283;1900-01-02;1;1005900;1998-03-13;
1000284;1900-01-02;1;1005901;1998-01-17;
1000285;1900-01-02;1;1005912;1998-05-14;
1000286;1900-01-02;1;1005913;1998-05-14;
1000287;1900-01-02;1;1005940;1998-03-17;
1000288;1900-01-02;1;1006011;1985-12-06;"p. 17993
"
1000289;1900-01-02;1;1006015;1986-09-19;
1000290;1900-01-02;1;1006031;1998-08-13;
1000291;1900-01-02;1;1006041;1998-07-28;
1000292;1900-01-02;1;1006097;1982-08-13;"p. 9300"
1000293;1900-01-02;1;1006145;1998-11-10;
1000294;1900-01-02;1;1006165;1998-08-21;
1000295;1900-01-02;1;1006181;1998-09-11;
1000296;1900-01-02;1;1006198;1998-12-08;
1000297;1900-01-02;1;1006207;1998-08-15;
1000298;1900-01-02;1;1006228;1998-08-13;
1000299;1900-01-02;1;1006291;1998-12-01;
1000300;1900-01-02;1;1006293;1999-01-29;
1000301;1900-01-02;1;1006316;1998-12-16;
1000302;1900-01-02;1;1006321;1985-05-04;
1000303;1900-01-02;1;1006323;1998-11-13;
1000304;1900-01-02;1;1006328;1998-12-04;
1000305;1900-01-02;1;1006341;1998-11-13;
1000306;1900-01-02;1;1006343;1998-11-13;
1000307;1900-01-02;1;1006346;1998-11-13;
1000308;1900-01-02;1;1006347;1998-11-13;
1000309;1900-01-02;1;1006503;1999-02-20;
1000310;1900-01-02;1;1006503;1999-03-06;
1000311;1900-01-02;1;1006554;1999-08-28;
1000312;1900-01-02;1;1006595;2005-12-23;
1000313;1900-01-02;1;1006600;1999-04-21;
1000314;1900-01-02;1;1006615;1977-02-18;
1000315;1900-01-02;1;1006641;1999-06-12;
1000316;1900-01-02;1;1006658;1999-06-12;
1000317;1900-01-02;1;1006658;1999-07-15;
1000318;1900-01-02;1;1006706;1999-08-19;
1000319;1900-01-02;1;1006723;1999-07-23;
1000320;1900-01-02;1;1006727;1999-04-15;"(ed. 2)"
1000321;1900-01-02;1;1006728;2000-10-27;
1000322;1900-01-02;1;1006750;1982-06-25;
1000323;1900-01-02;1;1006754;1999-08-19;
1000324;1900-01-02;1;1006790;1999-09-30;
1000325;1900-01-02;1;1006834;2000-04-15;
1000326;1900-01-02;1;1006905;1999-09-30;
1000327;1900-01-02;1;1006906;2000-01-28;
1000328;1900-01-02;1;1006983;1989-03-01;
1000329;1900-01-02;1;1007080;1986-08-15;
1000330;1900-01-02;1;1007105;2000-01-21;
1000331;1900-01-02;1;1007111;2000-01-11;
1000332;1900-01-02;1;1007126;2000-02-02;
1000333;1900-01-02;1;1007140;2000-02-19;
1000334;1900-01-02;1;1007192;2000-03-30;
1000335;1900-01-02;1;1007216;1985-02-26;
1000336;1900-01-02;1;1007217;1980-04-03;
1000337;1900-01-02;1;1007227;1981-08-05;
1000338;1900-01-02;1;1007235;1981-08-05;
1000339;1900-01-02;1;1007246;2000-09-13;
1000340;1900-01-02;1;1007307;2000-06-28;"p. 22709"
1000341;1900-01-02;1;1007317;2000-08-10;
1000342;1900-01-02;1;1007428;1980-03-29;"p. 3974"
1000343;1900-01-02;1;1007440;1977-06-18;
1000344;1900-01-02;1;1007454;2000-11-29;
1000345;1900-01-02;1;1007508;2000-09-07;
1000346;1900-01-02;1;1007508;2000-09-27;
1000347;1900-01-02;1;1007586;2001-08-29;
1000348;1900-01-02;1;1007630;1976-09-24;"p. 12.083"
1000349;1900-01-02;1;1007634;1985-11-06;
1000350;1900-01-02;1;1007647;1985-11-19;"p. 16987"
1000351;1900-01-02;1;1007654;1985-10-23;"p. 15574"
1000352;1900-01-02;1;1007682;1983-02-10;
1000353;1900-01-02;1;1007693;1981-07-03;"p. 8662"
1000354;1900-01-02;1;1007756;2001-02-17;
1000355;1900-01-02;1;1007810;2001-02-08;
1000356;1900-01-02;1;1007813;2001-06-29;
1000357;1900-01-02;1;1007878;2001-05-08;
1000358;1900-01-02;1;1007896;2001-04-21;
1000359;1900-01-02;1;1007907;1985-04-18;
1000360;1900-01-02;1;1007922;1985-07-09;
1000361;1900-01-02;1;1007922;1985-07-16;
1000362;1900-01-02;1;1007927;2001-05-16;
1000363;1900-01-02;1;1007958;2001-06-07;
1000364;1900-01-02;1;1007976;2001-06-09;
1000365;1900-01-02;1;1007993;2002-03-12;
1000366;1900-01-02;1;1008034;1983-11-23;
1000367;1900-01-02;1;1008070;2001-09-05;
1000368;1900-01-02;1;1008071;1978-12-28;
1000369;1900-01-02;1;1008085;2001-11-10;
1000370;1900-01-02;1;1008085;2001-12-21;
1000371;1900-01-02;1;1008143;2002-07-16;
1000372;1900-01-02;1;1008183;1980-01-12;
1000373;1900-01-02;1;1008217;1986-01-30;
1000374;1900-01-02;1;1008219;2001-08-24;
1000375;1900-01-02;1;1008237;1984-09-13;
1000376;1900-01-02;1;1008257;1984-08-22;
1000377;1900-01-02;1;1008286;1984-06-29;"p. 9541"
1000378;1900-01-02;1;1008294;1984-08-03;
1000379;1900-01-02;1;1008330;1984-02-22;"p. 2407
"
1000380;1900-01-02;1;1008344;1984-01-04;"p. 39"
1000381;1900-01-02;1;1008384;2001-12-28;
1000382;1900-01-02;1;1008390;2002-02-20;
1000383;1900-01-02;1;1008460;2002-05-30;
1000384;1900-01-02;1;1008506;2002-01-12;
1000385;1900-01-02;1;1008510;2002-02-14;
1000386;1900-01-02;1;1008561;2002-04-10;
1000387;1900-01-02;1;1008669;2002-03-01;
1000388;1900-01-02;1;1008678;2002-04-12;
1000389;1900-01-02;1;1008695;1983-12-07;
1000390;1900-01-02;1;1008734;1983-10-06;
1000391;1900-01-02;1;1008805;2002-04-09;
1000392;1900-01-02;1;1008822;2002-04-19;
1000393;1900-01-02;1;1008834;1983-06-24;
1000394;1900-01-02;1;1008857;1983-05-05;
1000395;1900-01-02;1;1008863;1983-04-22;
1000396;1900-01-02;1;1008864;1983-04-22;
1000397;1900-01-02;1;1008865;1983-04-22;
1000398;1900-01-02;1;1008866;1983-04-22;
1000399;1900-01-02;1;1008867;1983-04-22;
1000400;1900-01-02;1;1008888;1979-06-20;"p. 7069"
1000401;1900-01-02;1;1008900;1983-01-28;
1000402;1900-01-02;1;1008904;1983-01-25;
1000403;1900-01-02;1;1008967;2002-04-04;
1000404;1900-01-02;1;1009012;1982-12-02;"p. 13.888"
1000405;1900-01-02;1;1009064;1982-10-07;"p. 11637"
1000406;1900-01-02;1;1009065;1982-10-13;"p. 11 911"
1000407;1900-01-02;1;1009131;2002-05-23;
1000408;1900-01-02;1;1009132;2002-07-16;
1000409;1900-01-02;1;1009135;1971-05-13;"p. 6272"
1000410;1900-01-02;1;1009161;2002-06-07;
1000411;1900-01-02;1;1009223;2002-08-01;
1000412;1900-01-02;1;1009228;2002-07-17;
1000413;1900-01-02;1;1009280;2002-08-17;
1000414;1900-01-02;1;1009302;2004-03-02;
1000415;1900-01-02;1;1009317;1975-10-17;"p. 12972
"
1000416;1900-01-02;1;1009318;1980-09-18;"p. 10.686"
1000417;1900-01-02;1;1009340;2003-02-06;
1000418;1900-01-02;1;1009340;2004-06-24;"p. 51817
"
1000419;1900-01-02;1;1009354;1982-01-23;
1000420;1900-01-02;1;1009398;1981-11-18;
1000421;1900-01-02;1;1009400;1982-01-26;
1000422;1900-01-02;1;1009429;2002-08-17;
1000423;1900-01-02;1;1009445;2002-09-24;
1000424;1900-01-02;1;1009486;1981-10-01;
1000425;1900-01-02;1;1009491;1981-08-11;
1000426;1900-01-02;1;1009491;1981-09-26;
1000427;1900-01-02;1;1009498;1981-09-17;"p. 11.535"
1000428;1900-01-02;1;1009521;1981-07-11;
1000429;1900-01-02;1;1009524;1981-07-03;
1000430;1900-01-02;1;1009554;1981-04-09;
1000431;1900-01-02;1;1009554;1981-04-30;
1000432;1900-01-02;1;1009621;2002-09-26;
1000433;1900-01-02;1;1009665;2002-11-30;
1000434;1900-01-02;1;1009673;1981-05-22;
1000435;1900-01-02;1;1009835;1980-07-05;"p. 8216
"
1000436;1900-01-02;1;1009855;1980-10-01;"p. 11.201"
1000437;1900-01-02;1;1009858;1975-10-17;
1000438;1900-01-02;1;1009864;1980-12-02;"p. 13630"
1000439;1900-01-02;1;1009870;1979-07-28;"p. 8437"
1000440;1900-01-02;1;1009872;1980-06-18;"p. 7477"
1000441;1900-01-02;1;1009890;1976-09-23;
1000442;1900-01-02;1;1009891;1976-09-23;
1000443;1900-01-02;1;1009895;1980-02-07;
1000444;1900-01-02;1;1009900;1980-04-16;
1000445;1900-01-02;1;1009936;1980-05-30;"p. 6725"
1000446;1900-01-02;1;1009965;1980-08-27;"p. 9879"
1000447;1900-01-02;1;1009993;1981-03-31;"p. 3897"
1000448;1900-01-02;1;1010009;1980-05-23;
1000449;1900-01-02;1;1010018;1973-08-25;"p. 9624"
1000450;1900-01-02;1;1010052;1979-08-29;
1000451;1900-01-02;1;1010092;1973-04-06;"p. 4113
"
1000452;1900-01-02;1;1010098;1975-02-08;"p. 1446"
1000453;1900-01-02;1;1010128;2003-01-22;
1000454;1900-01-02;1;1010160;1978-11-01;
1000455;1900-01-02;1;1010163;1978-12-13;
1000456;1900-01-02;1;1010166;1980-06-05;
1000457;1900-01-02;1;1010202;2003-01-10;
1000458;1900-01-02;1;1010232;1978-12-08;
1000459;1900-01-02;1;1010260;1978-06-24;
1000460;1900-01-02;1;1010265;1979-04-06;
1000461;1900-01-02;1;1010266;1975-10-07;"p. 12441"
1000462;1900-01-02;1;1010275;1978-07-13;
1000463;1900-01-02;1;1010284;1976-10-28;
1000464;1900-01-02;1;1010307;2003-01-20;
1000465;1900-01-02;1;1010313;2003-01-22;
1000466;1900-01-02;1;1010342;1978-02-04;
1000467;1900-01-02;1;1010359;1978-01-21;
1000468;1900-01-02;1;1010403;1977-10-27;
1000469;1900-01-02;1;1010438;1977-11-11;
1000470;1900-01-02;1;1010622;1977-09-14;
1000471;1900-01-02;1;1010743;2003-05-22;
1000472;1900-01-02;1;1010748;2003-05-22;
1000473;1900-01-02;1;1010952;1977-01-27;
1000474;1900-01-02;1;1011023;2004-07-15;"p. 55664"
1000475;1900-01-02;1;1011080;2004-07-15;"p. 55664"
1000476;1900-01-02;1;1011127;1976-10-26;"p. 13.815"
1000477;1900-01-02;1;1011149;1976-11-04;
1000478;1900-01-02;1;1011166;1976-10-06;
1000479;1900-01-02;1;1011213;1976-12-17;
1000480;1900-01-02;1;1011252;1973-01-05;"p. 98"
1000481;1900-01-02;1;1011271;1976-04-21;"p. 5054"
1000482;1900-01-02;1;1011282;1975-12-31;"p. 16630"
1000483;1900-01-02;1;1011378;1984-06-13;
1000484;1900-01-02;1;1011378;1984-11-28;
1000485;1900-01-02;1;1011406;2003-07-15;
1000486;1900-01-02;1;1011482;2003-08-07;07082003
1000487;1900-01-02;1;1011486;2003-09-10;
1000488;1900-01-02;1;1011489;2003-08-13;
1000489;1900-01-02;1;1011533;2004-01-09;"p. 668"
1000490;1900-01-02;1;1011584;2003-10-10;
1000491;1900-01-02;1;1011674;2003-11-07;
1000492;1900-01-02;1;1011710;1973-12-21;
1000493;1900-01-02;1;1011715;2003-12-05;
1000494;1900-01-02;1;1011759;1976-04-23;"p. 5221"
1000495;1900-01-02;1;1011812;1975-10-25;"p. 13449
"
1000496;1900-01-02;1;1011902;2004-02-26;
1000497;1900-01-02;1;1011931;2004-05-11;
1000498;1900-01-02;1;1011935;2004-05-11;
1000499;1900-01-02;1;1011937;2004-03-16;
1000500;1900-01-02;1;1011939;2004-03-16;
1000501;1900-01-02;1;1011941;2004-05-06;
1000502;1900-01-02;1;1011951;2005-01-13;"p. 984
"
1000503;1900-01-02;1;1011953;2004-03-04;
1000504;1900-01-02;1;1012011;2004-03-10;
1000505;1900-01-02;1;1012064;2004-03-18;
1000506;1900-01-02;1;1012128;2004-03-31;
1000507;1900-01-02;1;1012190;2004-05-17;
1000508;1900-01-02;1;1012201;1979-08-18;
1000509;1900-01-02;1;1012301;1974-09-03;"p. 10773"
1000510;1900-01-02;1;1012334;1974-07-13;"p. 9354"
1000511;1900-01-02;1;1012348;1974-02-09;"p. 1973
"
1000512;1900-01-02;1;1012388;1973-12-20;"p. 14659"
1000513;1900-01-02;1;1012391;1972-03-28;"p. 3688"
1000514;1900-01-02;1;1012403;1972-04-25;"p. 4910"
1000515;1900-01-02;1;1012405;1973-11-23;"p. 13132
"
1000516;1900-01-02;1;1012467;1973-03-29;"p. 3829"
1000517;1900-01-02;1;1012759;1974-03-07;"p. 3360"
1000518;1900-01-02;1;1012811;2005-02-14;
1000519;1900-01-02;1;1012876;1970-05-23;"p. 5601
"
1000520;1900-01-02;1;1012958;2005-08-17;
1000521;1900-01-02;1;1013087;2004-07-27;
1000522;1900-01-02;1;1013087;2005-01-13;"p. 984"
1000523;1900-01-02;1;1013158;2004-10-15;
1000524;1900-01-02;1;1013166;2004-08-18;
1000525;1900-01-02;1;1013174;2004-12-09;"
"
1000526;1900-01-02;1;1013174;2005-06-14;"p. 27.215
"
1000527;1900-01-02;1;1013200;2004-08-03;"p. 58693"
1000528;1900-01-02;1;1013259;1989-04-19;"p. 6516"
1000529;1900-01-02;1;1013260;2005-02-24;
1000530;1900-01-02;1;1013273;2004-11-05;
1000531;1900-01-02;1;1013284;2004-08-16;
1000532;1900-01-02;1;1013290;2005-10-14;
1000533;1900-01-02;1;1013297;2004-08-16;
1000534;1900-01-02;1;1013324;2004-10-22;
1000535;1900-01-02;1;1013343;2004-12-22;
1000536;1900-01-02;1;1013347;2005-07-20;
1000537;1900-01-02;1;1013441;1991-12-19;"p. 28.898"
1000538;1900-01-02;1;1013588;2005-03-18;
1000539;1900-01-02;1;1013594;2005-01-25;
1000540;1900-01-02;1;1013665;2005-04-15;
1000541;1900-01-02;1;1013677;2005-02-28;
1000542;1900-01-02;1;1013678;2005-03-15;
1000543;1900-01-02;1;1013698;2005-08-16;
1000544;1900-01-02;1;1013717;2005-11-24;
1000545;1900-01-02;1;1013755;2005-05-27;
1000546;1900-01-02;1;1013853;2005-07-15;
1000547;1900-01-02;1;1013865;2005-08-12;
1000548;1900-01-02;1;1013871;2005-08-17;
1000549;1900-01-02;1;1013890;2005-08-16;
1000550;1900-01-02;1;1013892;2005-09-16;
1000551;1900-01-02;1;1013899;2005-08-19;
1000552;1900-01-02;1;1013926;2005-08-31;
1000553;1900-01-02;1;1013938;2006-01-10;
1000554;1900-01-02;1;1013971;2005-09-30;
1000555;1900-01-02;1;1014001;2005-09-29;
1000556;1900-01-02;1;1014614;2006-07-04;33489
1000557;1900-01-02;1;1014578;2006-07-13;35152
1000558;1900-01-02;1;1014573;2006-07-14;35425
1000559;1900-01-02;1;1014614;2006-06-30;33123
1000560;1900-01-02;1;1014820;2006-08-23;42007
1000561;1900-01-02;1;1014882;1977-12-22;16140
1000562;1900-01-02;1;1014906;2006-09-14;46888
1000563;1900-01-02;1;1014928;2006-09-18;47347
1000564;1900-01-02;1;1014907;2006-10-13;54719
1000565;1900-01-02;1;1015034;2006-11-06;58916
1000567;1900-01-02;1;1014625;2006-11-16;61513
1000568;1900-01-02;1;1014267;2006-11-16;61513
1000569;1900-01-02;1;1015200;1981-09-29;
1000570;1900-01-02;1;1015281;1998-02-07;3565
1000571;1900-01-02;1;1015251;2004-07-20;56098
1000572;1900-01-02;1;1015266;2007-01-08;399
1000573;1900-01-02;1;1015352;2007-01-10;797
1000574;1900-01-02;1;1015407;2007-02-02;4883
1000575;1900-01-02;1;1015474;1991-05-16;10376
1000576;1900-01-02;1;1015479;1990-01-16;533
1000577;1900-01-02;1;1015480;1990-04-04;6268
1000578;1900-01-02;1;1015482;1989-08-30;14900
1000579;1900-01-02;1;1015483;1989-08-30;14900
1000580;1900-01-02;1;1015369;2007-02-07;6123
1000581;1900-01-02;1;1015384;2007-02-20;8236
1000583;1900-01-02;1;1015538;2007-04-10;19959
1000584;1900-01-02;1;1015690;2007-05-21;27429
1000585;1900-01-02;1;1015391;2007-06-20;34076
1000586;1900-01-02;1;1015489;2007-06-21;34364
1000587;1900-01-02;1;1015179;2007-06-28;35536
1000588;1900-01-02;1;1015951;2007-07-16;38519
1000589;1900-01-02;1;1015560;2007-07-27;40199
1000590;1900-01-02;1;1015989;2007-08-08;41513
1000591;1900-01-02;1;1015513;1976-11-23;14844
1000592;1900-01-02;1;1016149;2007-09-21;49875
1000593;1900-01-02;1;1016059;2007-10-12;53175
1000594;1900-01-02;1;1006595;2007-11-16;57592
1000595;1900-01-02;1;1016397;2007-12-18;62280
1000596;1900-01-02;1;1016400;2007-12-28;65757
1000597;1900-01-02;1;1016189;2007-12-28;65756
1000598;1900-01-02;1;1016115;2007-12-27;65534
1000599;1900-01-02;1;1014962;2008-02-20;10701
1000600;1900-01-02;1;1016534;2008-03-28;17252
1000601;1900-01-02;1;1016499;2008-04-14;19770
1000602;1900-01-02;1;1016744;2008-05-19;25.909
1000603;1900-01-02;1;1016744;2008-06-11;29.264
1000604;1900-01-02;1;1016830;2008-06-23;"32.157 (err. Franse vertaling)"
1000605;1900-01-02;1;1016716;2008-06-25;"32.550 (Fr. vert.)"
1000606;1900-01-02;1;1016836;2008-07-04;35.656
1000607;1900-01-02;1;1016841;2008-07-16;37137
1000608;1900-01-02;1;1016841;2008-07-30;40212
1000609;1900-01-02;1;1016063;2008-09-04;46.255
1000610;1900-01-02;1;1017022;2008-09-05;46.533
1000611;1900-01-02;1;1016429;2008-09-15;47.789
1000612;1900-01-02;1;1016332;2008-09-17;48.320
1000613;1900-01-02;1;1016961;2008-09-22;49216
1000614;1900-01-02;1;1014460;2008-09-24;49.781
1000615;1900-01-02;1;1016445;2008-10-09;53518
1000616;1900-01-02;1;1016257;2008-10-29;57.366
1000617;1900-01-02;1;1014158;2008-12-05;64.850
1000618;1900-01-02;1;1016862;2009-01-28;6295
1000619;1900-01-02;1;1017658;2009-04-01;25366
1000620;1900-01-02;1;1018090;2009-07-16;49.616
1000621;1900-01-02;1;1018179;2007-02-23;8822
1000622;1900-01-02;1;1009290;1971-07-16;
1000623;1900-01-02;1;1009290;1971-11-18;
1000624;1900-01-02;1;1012694;1974-03-28;4435
1000625;1900-01-02;1;1018202;2009-08-13;53213
1000626;1900-01-02;1;1018125;2009-08-31;59.453
1000627;1900-01-02;1;1018122;2009-08-31;59.436
1000628;1900-01-02;1;1018244;2009-09-09;61.457
1000629;1900-01-02;1;1018340;2000-12-22;42723
1000630;1900-01-02;1;1001770;1973-01-16;
1000631;1900-01-02;1;1000185;1971-04-06;
1000632;1900-01-02;1;1004715;1974-02-06;1689
1000633;1900-01-02;1;1018556;2000-08-04;26801
1000635;1900-01-02;1;1018558;2000-09-16;31473
1000636;1900-01-02;1;1018567;1989-03-17;
1000637;1900-01-02;1;1018581;1991-02-01;6763
1000638;1900-01-02;1;1018588;1976-09-01;
1000639;1900-01-02;1;1000004;1971-04-01;4119
1000640;1900-01-02;1;1008041;2000-02-24;5615
1000641;1900-01-02;1;1013242;2010-02-25;12.941
1000642;1900-01-02;1;1018786;2001-01-20;1576
1000643;1900-01-02;1;1009136;1971-06-08;
1000644;1900-01-02;1;1017945;2010-04-01;19.781
1000645;1900-01-02;1;1000536;1970-08-21;
1000646;1900-01-02;1;1000386;1977-04-22;5238
1000647;1900-01-02;1;1006342;2010-04-28;24114
1000649;1900-01-02;1;1018918;2010-05-07;25601
1000650;1900-01-02;1;1018959;2010-05-07;25615
1000651;1900-01-02;1;1019085;1975-08-15;
1000652;1900-01-02;1;1019167;2010-07-27;47.884
1000653;1900-01-02;1;1018243;2010-08-27;55.544
1000654;1900-01-02;1;1019292;2010-09-01;56.030
1000655;1900-01-02;1;1019440;1979-04-06;4.111
1000656;1900-01-02;1;1003610;1965-05-19;5960
1000657;1900-01-02;1;1019631;2010-11-08;66593
1000658;1900-01-02;1;1019621;2010-11-10;67764
1000659;1900-01-02;1;1019740;2010-12-09;76325
1000660;1900-01-02;1;1019732;2011-01-18;5302
1000661;1900-01-02;1;1019841;2011-01-20;6404
1000662;1900-01-02;1;1019845;2011-01-20;"6404 (erratum in vertaalde versie)"
1000663;1900-01-02;1;1019892;2011-02-07;9559
1000664;1900-01-02;1;1020079;2010-01-29;4170
1000665;1900-01-02;1;1020079;2011-03-03;14636
1000666;2011-03-30;1;1020108;2011-03-30;21.206
1000667;2011-04-08;1;1020049;2011-04-08;22.863
1000668;2011-04-22;1;1019852;2011-04-22;24.855
1000669;2011-04-22;1;1020142;2011-04-22;24.855
1000670;2011-04-22;1;1020190;2011-04-22;24.856
1000671;2011-05-31;1;1020268;2011-05-31;32.237
1000672;2011-09-02;5;1020469;2011-09-02;56.267
1000673;2011-09-08;5;1020275;2011-09-08;57.201
1000674;2011-09-14;5;1020509;2011-09-13;59.071
1000675;2011-12-14;1;1020589;2011-12-14;73.265
1000676;2012-01-23;1;1011494;2012-01-23;4582
1000677;2012-02-06;1;1020561;2012-02-06;8424
1000678;2012-02-07;1;1021199;2012-02-07;8676
1000679;2012-02-10;1;1021242;2012-02-10;10445
1000680;2012-02-10;1;1021105;2011-09-28;61168
1000681;2012-02-15;1;1021251;1987-07-18;
1000682;2012-02-23;1;1009620;2000-10-05;33846
1000683;2012-04-16;1;1021424;2012-04-13;23702
1000684;2012-04-18;1;1021459;2010-05-12;26.201
1000685;2012-04-23;1;1021424;2012-04-23;24825
1000686;2012-04-24;1;1021484;2007-04-26;22241
1000687;2012-04-24;1;1021480;2009-10-07;66.249
1000688;2012-04-24;1;1021476;2012-04-13;23.712
1000689;2012-05-08;1;1000332;1962-12-14;11341
1000690;2012-05-09;1;1001755;1962-07-12;5909
1000691;2012-06-08;1;1021756;2012-06-08;32.168
1000692;2012-06-11;1;1019786;1978-04-05;3869
1000693;2012-06-19;1;1021853;2004-11-09;75.422
1000694;2012-06-27;1;1018245;2012-06-27;"35636 (Fr. vertaling)"
1000695;2012-07-05;1;1021874;2012-07-05;36.725
1000696;2012-07-05;1;1021862;2012-07-05;"36.726 (Fr. vertaling)"
1000697;2012-07-16;1;1021549;1999-02-10;3815
1000698;2012-08-17;1;1021965;2012-08-17;48526
1000699;2012-08-22;1;1007007;1999-02-24;5405
1000700;2012-09-25;1;1022159;2012-09-25;58.918
1000701;2012-09-25;1;1015409;2006-03-13;14.712
1000702;2012-10-05;1;1021963;2012-10-05;61080
1000703;2012-10-10;1;1006236;1958-09-15;
1000704;2012-10-25;1;1022367;2012-10-25;65.552
1000705;2012-11-29;1;1022478;2012-11-29;76.271
1000706;2012-12-14;1;1022387;2012-12-14;80.035
1000707;2013-01-18;1;1022591;2013-01-18;2193
1000708;2013-01-28;1;1022579;2013-01-28;4240
1000709;2013-01-30;1;1022580;2013-01-30;4782
1000710;2013-01-31;1;1022671;2013-01-31;5149
1000711;2013-02-04;1;1022475;2013-02-04;5567
